source,kingdom,family,taxonRank,scientificNameAuthorship,vernacularName,canonical,acceptedTaxon,parentTaxon
,Animalia,Argasidae,Species,"Hoogstraal & Mccarthy, 1965",,Argas abdussalami,Argas abdussalami,Nuttalliella
,Animalia,Argasidae,Species,"Hoogstraal, Kaiser, Walker & Ledger",,Argas africolumbae,Argas africolumbae,Nuttalliella
,Animalia,Argasidae,Species,"Kaiser, Hoogstraal & Kohls, 1964",,Argas arboreus,Argas arboreus,Nuttalliella
,Animalia,Argasidae,Species,Kohls & Hoogstraal,,Argas argas,Argas argas,Nuttalliella
,Animalia,Argasidae,Species,"Kohls & Hoogstral, 1962",,Argas australiensis,Argas australiensis,Nuttalliella
,Animalia,Argasidae,Species,Roubaud & Colas-Belcour,,Argas boueti,Argas boueti,Nuttalliella
,Animalia,Argasidae,Species,Banks,,Argas brevipes,Argas brevipes,Nuttalliella
,Animalia,Argasidae,Species,Neumann,,Argas brumpti,Argas brumpti,Nuttalliella
,Animalia,Argasidae,Species,,,Argas bubalornis,Argas bubalornis,Nuttalliella
,Animalia,Argasidae,Species,"Hoogstraal & Kaiser, 1968",,Argas ceylonensis,Argas ceylonensis,Nuttalliella
,Animalia,Argasidae,Species,"Hoogstraal, 1955",,Argas confusus,Argas confusus,Nuttalliella
,Animalia,Argasidae,Species,"Kohls & Hoogstraal, 1960",,Argas cooleyi,Argas cooleyi,Nuttalliella
,Animalia,Argasidae,Species,"Hoogstraal & Kohls, 1967",,Argas cordiformis,Argas cordiformis,Nuttalliella
,Animalia,Argasidae,Species,Neumann,,Argas cucumerinus,Argas cucumerinus,Nuttalliella
,Animalia,Argasidae,Species,"Kaiser & Hoogstraal, 1973",,Argas daviesi,Argas daviesi,Nuttalliella
,Animalia,Argasidae,Species,"Kaiser & Hoogstraal, 1974",,Argas dewae,Argas dewae,Nuttalliella
,Animalia,Argasidae,Species,,,Argas dissimile,Argas dissimile,Nuttalliella
,Animalia,Argasidae,Species,"Keirans, Clifford & Capriles, 1971",,Argas dulus,Argas dulus,Nuttalliella
,Animalia,Argasidae,Species,"Hoogstraal, Uilenberg & Blanc, 1967",,Argas echinops,Argas echinops,Nuttalliella
,Animalia,Argasidae,Species,"Kaiser & Hoogstraal, 1974",,Argas falco,Argas falco,Nuttalliella
,Animalia,Argasidae,Species,"Kohls & Clifford, 1968",,Argas giganteus,Argas giganteus,Nuttalliella
,Animalia,Argasidae,Species,,,Argas gilcolladoi,Argas gilcolladoi,Nuttalliella
,Animalia,Argasidae,Species,Audouin,,Argas hermanni,Argas hermanni,Nuttalliella
,Animalia,Argasidae,Species,"Hoogstraal & Kaiser, 1973",,Argas himalayensis,Argas himalayensis,Nuttalliella
,Animalia,Argasidae,Species,Morel & Vassiliades,,Argas hoogstraali,Argas hoogstraali,Nuttalliella
,Animalia,Argasidae,Species,"Yamaguti, Clifford & Tipton, 1968",,Argas japonicus,Argas japonicus,Nuttalliella
,Animalia,Argasidae,Species,Froggatt,,Argas lagenoplastis,Argas lagenoplastis,Nuttalliella
,Animalia,Argasidae,Species,Filippova,,Argas latus,Argas latus,Nuttalliella
,Animalia,Argasidae,Species,Froggatt,,Argas lgenoplastis,Argas lgenoplastis,Nuttalliella
,Animalia,Argasidae,Species,"Kaiser & Hoogstraal, 1975",,Argas lowryae,Argas lowryae,Nuttalliella
,Animalia,Argasidae,Species,,,Argas macrodermae,Argas macrodermae,Nuttalliella
,Animalia,Argasidae,Species,,,Argas macrostigmatus,Argas macrostigmatus,Nuttalliella
,Animalia,Argasidae,Species,Neumann,,Argas magnus,Argas magnus,Nuttalliella
,Animalia,Argasidae,Species,Koch,,Argas miniatus,Argas miniatus,Nuttalliella
,Animalia,Argasidae,Species,"Keirans, Clifford & Radovsky",,Argas mochus,Argas mochus,Nuttalliella
,Animalia,Argasidae,Species,,,Argas monolakensis,Argas monolakensis,Nuttalliella
,Animalia,Argasidae,Species,"Keirans, Hoogstraal & Clifford, 1979",,Argas moreli,Argas moreli,Nuttalliella
,Animalia,Argasidae,Species,"Kohls & Hoogstraal, 1961",,Argas neghmei,Argas neghmei,Nuttalliella
,Animalia,Argasidae,Species,"Hoogstraal & Kaiser, 1973",,Argas nullarborensis,Argas nullarborensis,Nuttalliella
,Animalia,Argasidae,Species,,,Argas peringueyi,Argas peringueyi,Nuttalliella
,Animalia,Argasidae,Subspecies,,,Argas persicargas keiransi,Argas persicargas keiransi,Nuttalliella
,Animalia,Argasidae,Species,"(Oken, 1818)",,Argas persicus,Argas persicus,Nuttalliella
,Animalia,Argasidae,Species,(Oken),,Argas persius,Argas persius,Nuttalliella
,Animalia,Argasidae,Species,"Siuda, Hoogstraal, Clifford & Wassef, 1979",,Argas polonicus,Argas polonicus,Nuttalliella
,Animalia,Argasidae,Species,Kohls,,Argas pusillus,Argas pusillus,Nuttalliella
,Animalia,Argasidae,Species,Railliet,,Argas radiatus,Argas radiatus,Nuttalliella
,Animalia,Argasidae,Species,"(Fabricius, 1794)",,Argas reflexus,Argas reflexus,Nuttalliella
,Animalia,Argasidae,Subspecies,Warburton,,Argas reflexus indicus,Argas reflexus indicus,Nuttalliella
,Animalia,Argasidae,Subspecies,Fabricus,,Argas reflexus reflexus,Argas reflexus reflexus,Nuttalliella
,Animalia,Argasidae,Species,"Hoogstraal, Kaiser, Clifford & Keira, 1975",,Argas ricei,Argas ricei,Nuttalliella
,Animalia,Argasidae,Species,"Hoogstraal, Kaiser & Kohls",,Argas robertsi,Argas robertsi,Nuttalliella
,Animalia,Argasidae,Species,,,Argas sanchexi,Argas sanchexi,Nuttalliella
,Animalia,Argasidae,Species,Duges,,Argas sanchezi,Argas sanchezi,Nuttalliella
,Animalia,Argasidae,Species,"Kaiser, Hoogstraal & Horner, 1970",,Argas streptopelia,Argas streptopelia,Nuttalliella
,Animalia,Argasidae,Subspecies,,,Argas testudo rossi,Argas testudo rossi,Nuttalliella
,Animalia,Argasidae,Species,"Hoogstraal & Kaiser, 1970",,Argas theilerae,Argas theilerae,Nuttalliella
,Animalia,Argasidae,Species,(White),,Argas transgariepinus,Argas transgariepinus,Nuttalliella
,Animalia,Argasidae,Subspecies,(White),,Argas transgariepinus white,Argas transgariepinus white,Nuttalliella
,Animalia,Argasidae,Species,Banks,,Argas transversus,Argas transversus,Nuttalliella
,Animalia,Argasidae,Species,Filippova,,Argas tridentatus,Argas tridentatus,Nuttalliella
,Animalia,Argasidae,Species,,,Argas tyto,Argas tyto,Nuttalliella
,Animalia,Argasidae,Species,(Latreille),,Argas vespertilionis,Argas vespertilionis,Nuttalliella
,Animalia,Argasidae,Species,Filippova,,Argas vulgaris,Argas vulgaris,Nuttalliella
,Animalia,Argasidae,Species,"Kaiser, Hoogstraal & Kohls, 1969",,Argas walkarae,Argas walkarae,Nuttalliella
,Animalia,Argasidae,Species,"Hoogstraal, Kaiser & Kohls, 1968",,Argas zumpti,Argas zumpti,Nuttalliella
,Animalia,Argasidae,Species,,,Carios batuensis,Carios batuensis,Nuttalliella
,Animalia,Argasidae,Species,(Neumann),,Carios capensis,Carios capensis,Nuttalliella
,Animalia,Argasidae,Species,"M. B. Labruna & J. M. Venzal, 2009",,Carios fonsecai,Carios fonsecai,Nuttalliella
,Animalia,Argasidae,Species,Cooley & Kohls,,Carios kelleyi,Carios kelleyi,Nuttalliella
,Animalia,Argasidae,Species,,,Carios rioplatensis,Carios rioplatensis,Nuttalliella
,Animalia,Argasidae,Species,"Labruna, 2007",,Carios rondoniensis,Carios rondoniensis,Nuttalliella
,Animalia,Argasidae,Species,,,Carios vespertilionis,Carios vespertilionis,Nuttalliella
,Animalia,Argasidae,Species,Whittick,,Ornithodoros acinus,Ornithodoros acinus,Nuttalliella
,Animalia,Argasidae,Species,"Hoogstraal, Keirans, Clifford & Van",,Ornithodoros afrimeropsis,Ornithodoros afrimeropsis,Nuttalliella
,Animalia,Argasidae,Species,Issaakjan,,Ornithodoros alactagalis,Ornithodoros alactagalis,Nuttalliella
,Animalia,Argasidae,Species,Chamberlin,,Ornithodoros amblum,Ornithodoros amblum,Nuttalliella
,Animalia,Argasidae,Species,Chamberlain,,Ornithodoros amblus,Ornithodoros amblus,Nuttalliella
,Animalia,Argasidae,Species,"MATHESON, 1941",,Ornithodoros anduzei,Ornithodoros anduzei,Nuttalliella
,Animalia,Argasidae,Species,Walton,,Ornithodoros apertus,Ornithodoros apertus,Nuttalliella
,Animalia,Argasidae,Species,"Cooley, 1944",,Ornithodoros aquilae,Ornithodoros aquilae,Nuttalliella
,Animalia,Argasidae,Species,"Hoogstraal, 1953",,Ornithodoros arenicolous,Ornithodoros arenicolous,Nuttalliella
,Animalia,Argasidae,Species,Warburton,,Ornithodoros asperus,Ornithodoros asperus,Nuttalliella
,Animalia,Argasidae,Species,"Matheson, 1935",,Ornithodoros azteci,Ornithodoros azteci,Nuttalliella
,Animalia,Argasidae,Species,Hirst,,Ornithodoros batuensis,Ornithodoros batuensis,Nuttalliella
,Animalia,Argasidae,Species,"Kohls & Clifford, 1964",,Ornithodoros boliviensis,Ornithodoros boliviensis,Nuttalliella
,Animalia,Argasidae,Species,Aragao,,Ornithodoros brasiliensis,Ornithodoros brasiliensis,Nuttalliella
,Animalia,Argasidae,Species,Matheson,,Ornithodoros brodyi,Ornithodoros brodyi,Nuttalliella
,Animalia,Argasidae,Species,(Birula),,Ornithodoros canestrini,Ornithodoros canestrini,Nuttalliella
,Animalia,Argasidae,Species,(Birula),,Ornithodoros canestrinii,Ornithodoros canestrinii,Nuttalliella
,Animalia,Argasidae,Species,Neumann,,Ornithodoros capensis,Ornithodoros capensis,Nuttalliella
,Animalia,Argasidae,Species,Jones & Clifford,,Ornithodoros casebeeri,Ornithodoros casebeeri,Nuttalliella
,Animalia,Argasidae,Species,Jones & Clifford,,Ornithodoros chironectes,Ornithodoros chironectes,Nuttalliella
,Animalia,Argasidae,Species,Dhanda & Rajagopalan,,Ornithodoros chiropterphila,Ornithodoros chiropterphila,Nuttalliella
,Animalia,Argasidae,Species,Jones & Clifford,,Ornithodoros clarki,Ornithodoros clarki,Nuttalliella
,Animalia,Argasidae,Species,"Hoogstraal, Kadarsan, Kaiser, Van & Peenen, 1974",,Ornithodoros collocaliae,Ornithodoros collocaliae,Nuttalliella
,Animalia,Argasidae,Species,Walton,,Ornithodoros compactus,Ornithodoros compactus,Nuttalliella
,Animalia,Argasidae,Species,"Cooley & Kohls, 1941",,Ornithodoros concanensis,Ornithodoros concanensis,Nuttalliella
,Animalia,Argasidae,Species,Canestrini,,Ornithodoros coniceps,Ornithodoros coniceps,Nuttalliella
,Animalia,Argasidae,Species,Mcivor,,Ornithodoros cooleyi,Ornithodoros cooleyi,Nuttalliella
,Animalia,Argasidae,Species,Koch,,Ornithodoros coriaceus,Ornithodoros coriaceus,Nuttalliella
,Animalia,Argasidae,Species,"Kohls, Clifford & Hoogstraal",,Ornithodoros darwini,Ornithodoros darwini,Nuttalliella
,Animalia,Argasidae,Subspecies,Whittick,,Ornithodoros delancei acinus,Ornithodoros delancei acinus,Nuttalliella
,Animalia,Argasidae,Subspecies,Roubaud & Colas-Belcour,,Ornithodoros delanoei delanoei,Ornithodoros delanoei delanoei,Nuttalliella
,Animalia,Argasidae,Species,Roubaud & Colas-Belcour,,Ornithodoros delanoei,Ornithodoros delanoei,Nuttalliella
,Animalia,Argasidae,Species,"Kohls, Sonenshine & Clifford",,Ornithodoros demrki,Ornithodoros demrki,Nuttalliella
,Animalia,Argasidae,Species,Mazzotti,,Ornithodoros dugesi,Ornithodoros dugesi,Nuttalliella
,Animalia,Argasidae,Species,Cerny,,Ornithodoros dusbabeki,Ornithodoros dusbabeki,Nuttalliella
,Animalia,Argasidae,Species,Cooley & Kohls,,Ornithodoros dyeri,Ornithodoros dyeri,Nuttalliella
,Animalia,Argasidae,Species,Theiler,,Ornithodoros eboris,Ornithodoros eboris,Nuttalliella
,Animalia,Argasidae,Species,"Kohls, Clifford & Jones",,Ornithodoros echimys,Ornithodoros echimys,Nuttalliella
,Animalia,Argasidae,Species,"Kohls, Sonenshine & Clifford",,Ornithodoros elongatus,Ornithodoros elongatus,Nuttalliella
,Animalia,Argasidae,Species,"Kohls, Clifford & Jones",,Ornithodoros eptesicus,Ornithodoros eptesicus,Nuttalliella
,Animalia,Argasidae,Species,"Cooley & Kohls, 1941",,Ornithodoros eremicus,Ornithodoros eremicus,Nuttalliella
,Animalia,Argasidae,Species,"(Lucas, 1849)",,Ornithodoros erraticus,Ornithodoros erraticus,Nuttalliella
,Animalia,Argasidae,Species,"Hoogstraal, 1960",,Ornithodoros faini,Ornithodoros faini,Nuttalliella
,Animalia,Argasidae,Species,Parrot,,Ornithodoros foleyi,Ornithodoros foleyi,Nuttalliella
,Animalia,Argasidae,Species,Neumann,,Ornithodoros furcosus,Ornithodoros furcosus,Nuttalliella
,Animalia,Argasidae,Species,"Kohls, Clifford & Hoogstraal",,Ornithodoros galapagensis,Ornithodoros galapagensis,Nuttalliella
,Animalia,Argasidae,Species,Heisch & Guggisberg,,Ornithodoros graingeri,Ornithodoros graingeri,Nuttalliella
,Animalia,Argasidae,Species,Klein,,Ornithodoros grenieri,Ornithodoros grenieri,Nuttalliella
,Animalia,Argasidae,Species,,,Ornithodoros guaporensis,Ornithodoros guaporensis,Nuttalliella
,Animalia,Argasidae,Species,Warburton,,Ornithodoros gurneyi,Ornithodoros gurneyi,Nuttalliella
,Animalia,Argasidae,Species,(Schulze),,Ornithodoros hasei,Ornithodoros hasei,Nuttalliella
,Animalia,Argasidae,Species,"Wheeler, Herms & Meyer",,Ornithodoros hermsi,Ornithodoros hermsi,Nuttalliella
,Animalia,Argasidae,Species,"Rau & Rao, 1971",,Ornithodoros indica,Ornithodoros indica,Nuttalliella
,Animalia,Argasidae,Species,"Cooley & Kohls, 1941",,Ornithodoros kelleyi,Ornithodoros kelleyi,Nuttalliella
,Animalia,Argasidae,Species,Jones & Clifford,,Ornithodoros knoxjonesi,Ornithodoros knoxjonesi,Nuttalliella
,Animalia,Argasidae,Species,Neumann,,Ornithodoros lahorensis,Ornithodoros lahorensis,Nuttalliella
,Animalia,Argasidae,Species,"Hoogstraal & Kohls, 1966",,Ornithodoros macmillani,Ornithodoros macmillani,Nuttalliella
,Animalia,Argasidae,Species,"Hoogstraal, 1962",,Ornithodoros madagascariensis,Ornithodoros madagascariensis,Nuttalliella
,Animalia,Argasidae,Species,"Kohls, Clifford & Jones",,Ornithodoros marinkellei,Ornithodoros marinkellei,Nuttalliella
,Animalia,Argasidae,Species,Vermeil & Marguet,,Ornithodoros maritimus,Ornithodoros maritimus,Nuttalliella
,Animalia,Argasidae,Species,Jones & Clifford,,Ornithodoros marmosae,Ornithodoros marmosae,Nuttalliella
,Animalia,Argasidae,Species,(Lucas),,Ornithodoros marocanus,Ornithodoros marocanus,Nuttalliella
,Animalia,Argasidae,Species,,,Ornithodoros megnini,Ornithodoros megnini,Nuttalliella
,Animalia,Argasidae,Species,"Kohls, Clifford & Jones",,Ornithodoros mimon,Ornithodoros mimon,Nuttalliella
,Animalia,Argasidae,Species,"Kohls, Clifford & Jones",,Ornithodoros mormoops,Ornithodoros mormoops,Nuttalliella
,Animalia,Argasidae,Species,(Murray),,Ornithodoros moubata,Ornithodoros moubata,Nuttalliella
,Animalia,Argasidae,Subspecies,Walton,,Ornithodoros moubata porcinus,Ornithodoros moubata porcinus,Nuttalliella
,Animalia,Argasidae,Subspecies,(Murray),,Ornithodoros moubata moubata,Ornithodoros moubata moubata,Nuttalliella
,Animalia,Argasidae,Subspecies,(Walton),,Ornithodoros moubata domesticus,Ornithodoros moubata domesticus,Nuttalliella
,Animalia,Argasidae,Species,Hoogstraal,,Ornithodoros muesebecki,Ornithodoros muesebecki,Nuttalliella
,Animalia,Argasidae,Species,Pavlovsky,,Ornithodoros nereensis,Ornithodoros nereensis,Nuttalliella
,Animalia,Argasidae,Species,Mooser,,Ornithodoros nicollei,Ornithodoros nicollei,Nuttalliella
,Animalia,Argasidae,Species,Larrousse,,Ornithodoros normandi,Ornithodoros normandi,Nuttalliella
,Animalia,Argasidae,Species,"Moorhouse, Hoogstraal, Wolf & Cliffo",,Ornithodoros papuensis,Ornithodoros papuensis,Nuttalliella
,Animalia,Argasidae,Species,"Cooley, 1936",,Ornithodoros parkeri,Ornithodoros parkeri,Nuttalliella
,Animalia,Argasidae,Species,Bedford & Hewitt,,Ornithodoros perengueyi,Ornithodoros perengueyi,Nuttalliella
,Animalia,Argasidae,Species,"Kohls, Clifford & Jones",,Ornithodoros peropteryx,Ornithodoros peropteryx,Nuttalliella
,Animalia,Argasidae,Species,"Kohls, Clifford & Jones",,Ornithodoros peruvianus,Ornithodoros peruvianus,Nuttalliella
,Animalia,Argasidae,Species,(Schulze),,Ornithodoros peusi,Ornithodoros peusi,Nuttalliella
,Animalia,Argasidae,Species,Warburton,,Ornithodoros piriformis,Ornithodoros piriformis,Nuttalliella
,Animalia,Argasidae,Subspecies,Walton,,Ornithodoros porcinus porcinus,Ornithodoros porcinus porcinus,Nuttalliella
,Animalia,Argasidae,Species,Walton,,Ornithodoros porcinus,Ornithodoros porcinus,Nuttalliella
,Animalia,Argasidae,Species,Fox,,Ornithodoros puertoricensis,Ornithodoros puertoricensis,Nuttalliella
,Animalia,Argasidae,Species,Clifford & Sonenshine,,Ornithodoros rennellensis,Ornithodoros rennellensis,Nuttalliella
,Animalia,Argasidae,Species,,,Ornithodoros reticulinsus,Ornithodoros reticulinsus,Nuttalliella
,Animalia,Argasidae,Species,"Kohls, Sonenshine & Clifford",,Ornithodoros rossi,Ornithodoros rossi,Nuttalliella
,Animalia,Argasidae,Species,Aragao,,Ornithodoros rostratus,Ornithodoros rostratus,Nuttalliella
,Animalia,Argasidae,Species,Karsch,,Ornithodoros rudis,Ornithodoros rudis,Nuttalliella
,Animalia,Argasidae,Species,"Hoogstraal, 1953",,Ornithodoros salahi,Ornithodoros salahi,Nuttalliella
,Animalia,Argasidae,Species,(Audouin),,Ornithodoros savignyi,Ornithodoros savignyi,Nuttalliella
,Animalia,Argasidae,Species,,,Ornithodoros serrai,Ornithodoros serrai,Nuttalliella
,Animalia,Argasidae,Species,"Kohls, Clifford & Jones",,Ornithodoros setosus,Ornithodoros setosus,Nuttalliella
,Animalia,Argasidae,Species,Dumbleton,,Ornithodoros solomonis,Ornithodoros solomonis,Nuttalliella
,Animalia,Argasidae,Species,,,Ornithodoros sonrai,Ornithodoros sonrai,Nuttalliella
,Animalia,Argasidae,Species,"Kohls & Clifford, 1963",,Ornithodoros sparnus,Ornithodoros sparnus,Nuttalliella
,Animalia,Argasidae,Species,,,Ornithodoros spheniscus,Ornithodoros spheniscus,Nuttalliella
,Animalia,Argasidae,Species,"Cooley & Kohls, 1941",,Ornithodoros stageri,Ornithodoros stageri,Nuttalliella
,Animalia,Argasidae,Species,(Schulze),,Ornithodoros steini,Ornithodoros steini,Nuttalliella
,Animalia,Argasidae,Species,(Guerin-meneville),,Ornithodoros talaje,Ornithodoros talaje,Nuttalliella
,Animalia,Argasidae,Species,Olenev,,Ornithodoros tartakovskyi,Ornithodoros tartakovskyi,Nuttalliella
,Animalia,Argasidae,Subspecies,Birula,,Ornithodoros tholozani papillipes,Ornithodoros tholozani papillipes,Nuttalliella
,Animalia,Argasidae,Subspecies,Brumpt,,Ornithodoros tholozani crossi,Ornithodoros tholozani crossi,Nuttalliella
,Animalia,Argasidae,Species,Laboulbene & Megnin,,Ornithodoros tholozani,Ornithodoros tholozani,Nuttalliella
,Animalia,Argasidae,Species,Jones & Clifford,,Ornithodoros tiptoni,Ornithodoros tiptoni,Nuttalliella
,Animalia,Argasidae,Species,(Duges),,Ornithodoros turicata,Ornithodoros turicata,Nuttalliella
,Animalia,Argasidae,Species,Jones & Clifford,,Ornithodoros tuttlei,Ornithodoros tuttlei,Nuttalliella
,Animalia,Argasidae,Species,"Keirans, Hoogstraal & Clifford, 1977",,Ornithodoros vansomereni,Ornithodoros vansomereni,Nuttalliella
,Animalia,Argasidae,Species,"Cooley & Kohls, 1941",,Ornithodoros viguerasi,Ornithodoros viguerasi,Nuttalliella
,Animalia,Argasidae,Species,"Keirans, Clifford & Hoogstraal",,Ornithodoros vunkeri,Ornithodoros vunkeri,Nuttalliella
,Animalia,Argasidae,Species,"Keirans, Clifford & Hoogstraal",,Ornithodoros yukeri,Ornithodoros yukeri,Nuttalliella
,Animalia,Argasidae,Species,"Keirans, Clifford & Hoogstraal, 1984",,Ornithodoros yunkeri,Ornithodoros yunkeri,Nuttalliella
,Animalia,Argasidae,Species,"Cooley & Kohls, 1941",,Ornithodoros yumatensis,Ornithodoros yumatensis,Nuttalliella
,Animalia,Argasidae,Species,Heisch & Guggisberg,,Ornithodoros zumpti,Ornithodoros zumpti,Nuttalliella
,Animalia,Argasidae,Species,Cooley & Kohls,,Otobius lagophilus,Otobius lagophilus,Nuttalliella
,Animalia,Argasidae,Species,(Duges),,Otobius megnini,Otobius megnini,Nuttalliella
,Animalia,Argasidae,Species,"Keirans & Clifford, 1975",,Nothoaspis reddelli,Nothoaspis reddelli,Nuttalliella
,Animalia,Ixodidae,Species,"Neumann, 1907",,Amblyomma albolimbatum,Amblyomma albolimbatum,Nuttalliella
,Animalia,Ixodidae,Species,"Neumann, 1899",,Amblyomma albopictum,Amblyomma albopictum,Nuttalliella
,Animalia,Ixodidae,Species,"(Linnaeus, 1758)",,Amblyomma americanum,Amblyomma americanum,Nuttalliella
,Animalia,Ixodidae,Species,"Kohls, 1969",,Amblyomma antillorum,Amblyomma antillorum,Nuttalliella
,Animalia,Ixodidae,Species,"Keirans & Garris, 1986",,Amblyomma arianae,Amblyomma arianae,Nuttalliella
,Animalia,Ixodidae,Species,"Donitz, 1909",,Amblyomma astrion,Amblyomma astrion,Nuttalliella
,Animalia,Ixodidae,Species,"(Pallas, 1772)",,Amblyomma aureolatum,Amblyomma aureolatum,Nuttalliella
,Animalia,Ixodidae,Species,"(Conil, 1878)",,Amblyomma auricularium,Amblyomma auricularium,Nuttalliella
,Animalia,Ixodidae,Species,"Neumann, 1905",,Amblyomma australiense,Amblyomma australiense,Nuttalliella
,Animalia,Ixodidae,Species,,,Amblyomma avecolens,Amblyomma avecolens,Nuttalliella
,Animalia,Ixodidae,Species,"Schulze, 1933",,Amblyomma babirussae,Amblyomma babirussae,Nuttalliella
,Animalia,Ixodidae,Species,,,Amblyomma boeroi,Amblyomma boeroi,Nuttalliella
,Animalia,Ixodidae,Subspecies,,,Amblyomma borneense infestum,Amblyomma borneense infestum,Nuttalliella
,Animalia,Ixodidae,Species,"Hirst & Hirst, 1910",,Amblyomma boulengeri,Amblyomma boulengeri,Nuttalliella
,Animalia,Ixodidae,Species,"Aragão, 1908",,Amblyomma brasiliense,Amblyomma brasiliense,Nuttalliella
,Animalia,Ixodidae,Species,"(Fabricius, 1787)",,Amblyomma cajennense,Amblyomma cajennense,Nuttalliella
,Animalia,Ixodidae,Species,"Roberts, 1963",,Amblyomma calabyi,Amblyomma calabyi,Nuttalliella
,Animalia,Ixodidae,Species,"Neumann, 1899",,Amblyomma calcaratum,Amblyomma calcaratum,Nuttalliella
,Animalia,Ixodidae,Species,,,Amblyomma castanedai,Amblyomma castanedai,Nuttalliella
,Animalia,Ixodidae,Species,"Rageau, 1964",,Amblyomma chabaudi,Amblyomma chabaudi,Nuttalliella
,Animalia,Ixodidae,Species,"Neumann, 1899",,Amblyomma clypeolatum,Amblyomma clypeolatum,Nuttalliella
,Animalia,Ixodidae,Species,"Neumann, 1899",,Amblyomma coelebs,Amblyomma coelebs,Nuttalliella
,Animalia,Ixodidae,Species,"Donitz, 1909",,Amblyomma cohaerens,Amblyomma cohaerens,Nuttalliella
,Animalia,Ixodidae,Species,"(Macalister, 1872)",,Amblyomma compressum,Amblyomma compressum,Nuttalliella
,Animalia,Ixodidae,Species,"Nuttall & Warburton, 1908",,Amblyomma cooperi,Amblyomma cooperi,Nuttalliella
,Animalia,Ixodidae,Species,"Neumann, 1899",,Amblyomma cordiferum,Amblyomma cordiferum,Nuttalliella
,Animalia,Ixodidae,Species,,,Amblyomma crassipes,Amblyomma crassipes,Nuttalliella
,Animalia,Ixodidae,Species,"Robinson, 1926",,Amblyomma crassum,Amblyomma crassum,Nuttalliella
,Animalia,Ixodidae,Species,"Neumann, 1901",,Amblyomma cruciferum,Amblyomma cruciferum,Nuttalliella
,Animalia,Ixodidae,Species,"Neumann, 1899",,Amblyomma cyprium,Amblyomma cyprium,Nuttalliella
,Animalia,Ixodidae,Species,"Hirst & Hirst, 1910",,Amblyomma darwini,Amblyomma darwini,Nuttalliella
,Animalia,Ixodidae,Subspecies,,,Amblyomma darwini wollebaeki,Amblyomma darwini wollebaeki,Nuttalliella
,Animalia,Ixodidae,Species,"Koch, 1844",,Amblyomma dissimile,Amblyomma dissimile,Nuttalliella
,Animalia,Ixodidae,Species,"Gerstacker, 1873",,Amblyomma eburneum,Amblyomma eburneum,Nuttalliella
,Animalia,Ixodidae,Species,,,Amblyomma elaphense,Amblyomma elaphense,Nuttalliella
,Animalia,Ixodidae,Species,(Koch),,Amblyomma exortum,Amblyomma exortum,Nuttalliella
,Animalia,Ixodidae,Species,"Neumann, 1899",,Amblyomma extraoculatum,Amblyomma extraoculatum,Nuttalliella
,Animalia,Ixodidae,Species,"Tonelli-Rondelli, 1935",,Amblyomma falsomarmoreum,Amblyomma falsomarmoreum,Nuttalliella
,Animalia,Ixodidae,Species,,,Amblyomma fimbriatum,Amblyomma fimbriatum,Nuttalliella
,Animalia,Ixodidae,Species,,,Amblyomma flavomaculatum,Amblyomma flavomaculatum,Nuttalliella
,Animalia,Ixodidae,Species,,,Amblyomma formosanum,Amblyomma formosanum,Nuttalliella
,Animalia,Ixodidae,Species,"Neumann, 1899",,Amblyomma fulvum,Amblyomma fulvum,Nuttalliella
,Animalia,Ixodidae,Species,"Neumann, 1899",,Amblyomma geayi,Amblyomma geayi,Nuttalliella
,Animalia,Ixodidae,Species,"Donitz, 1909",,Amblyomma gemma,Amblyomma gemma,Nuttalliella
,Animalia,Ixodidae,Species,"Durden, Keirans & Smith, 2002",,Amblyomma geochelone,Amblyomma geochelone,Nuttalliella
,Animalia,Ixodidae,Species,"(Cantor, 1847)",,Amblyomma geoemydae,Amblyomma geoemydae,Nuttalliella
,Animalia,Ixodidae,Species,,,Amblyomma gertschi,Amblyomma gertschi,Nuttalliella
,Animalia,Ixodidae,Species,,,Amblyomma gervaisi,Amblyomma gervaisi,Nuttalliella
,Animalia,Ixodidae,Species,"Keirans, King & Sharrad, 1994",,Amblyomma glauerti,Amblyomma glauerti,Nuttalliella
,Animalia,Ixodidae,Species,"Neumann, 1899",,Amblyomma goeldii,Amblyomma goeldii,Nuttalliella
,Animalia,Ixodidae,Species,,,Amblyomma hadanii,Amblyomma hadanii,Nuttalliella
,Animalia,Ixodidae,Species,"Koch, 1844",,Amblyomma hebraeum,Amblyomma hebraeum,Nuttalliella
,Animalia,Ixodidae,Species,"Koch, 1844",,Amblyomma helvolum,Amblyomma helvolum,Nuttalliella
,Animalia,Ixodidae,Species,"Koch, 1844",,Amblyomma humerale,Amblyomma humerale,Nuttalliella
,Animalia,Ixodidae,Species,"Kohls, 1958",,Amblyomma imitator,Amblyomma imitator,Nuttalliella
,Animalia,Ixodidae,Species,"Neumann, 1906",,Amblyomma incisum,Amblyomma incisum,Nuttalliella
,Animalia,Ixodidae,Species,"(Banks, 1909)",,Amblyomma inornatum,Amblyomma inornatum,Nuttalliella
,Animalia,Ixodidae,Species,"Karsch, 1879",,Amblyomma integrum,Amblyomma integrum,Nuttalliella
,Animalia,Ixodidae,Species,,,Amblyomma interandinum,Amblyomma interandinum,Nuttalliella
,Animalia,Ixodidae,Species,"(Supino, 1897)",,Amblyomma javanense,Amblyomma javanense,Nuttalliella
,Animalia,Ixodidae,Species,,,Amblyomma latepunctatum,Amblyomma latepunctatum,Nuttalliella
,Animalia,Ixodidae,Species,,,Amblyomma latum,Amblyomma latum,Nuttalliella
,Animalia,Ixodidae,Species,"Donitz, 1909",,Amblyomma lepidum,Amblyomma lepidum,Nuttalliella
,Animalia,Ixodidae,Species,"Neumann, 1899",,Amblyomma limbatum,Amblyomma limbatum,Nuttalliella
,Animalia,Ixodidae,Species,"Neumann, 1907",,Amblyomma loculosum,Amblyomma loculosum,Nuttalliella
,Animalia,Ixodidae,Species,"(Koch, 1844)",,Amblyomma longirostre,Amblyomma longirostre,Nuttalliella
,Animalia,Ixodidae,Species,"Keirans, Hoogstraal & Clifford, 1973",,Amblyomma macfarlandi,Amblyomma macfarlandi,Nuttalliella
,Animalia,Ixodidae,Species,"Koch, 1844",,Amblyomma maculatum,Amblyomma maculatum,Nuttalliella
,Animalia,Ixodidae,Species,"Koch, 1844",,Amblyomma marmoreum,Amblyomma marmoreum,Nuttalliella
,Animalia,Ixodidae,Species,,,Amblyomma mixtum,Amblyomma mixtum,Nuttalliella
,Animalia,Ixodidae,Species,"(Koch, 1867)",,Amblyomma moreliae,Amblyomma moreliae,Nuttalliella
,Animalia,Ixodidae,Species,"Neumann, 1899",,Amblyomma multipunctum,Amblyomma multipunctum,Nuttalliella
,Animalia,Ixodidae,Species,"(Packard, 1869)",,Amblyomma naponense,Amblyomma naponense,Nuttalliella
,Animalia,Ixodidae,Species,"Ribaga, 1902",,Amblyomma neumanni,Amblyomma neumanni,Nuttalliella
,Animalia,Ixodidae,Species,"Hirst & Hirst, 1910",,Amblyomma nitidum,Amblyomma nitidum,Nuttalliella
,Animalia,Ixodidae,Species,"Neumann, 1899",,Amblyomma nodosum,Amblyomma nodosum,Nuttalliella
,Animalia,Ixodidae,Species,"Donitz, 1909",,Amblyomma nuttalli,Amblyomma nuttalli,Nuttalliella
,Animalia,Ixodidae,Species,"Koch, 1844",,Amblyomma oblongoguttatum,Amblyomma oblongoguttatum,Nuttalliella
,Animalia,Ixodidae,Species,"Koch, 1844",,Amblyomma ovale,Amblyomma ovale,Nuttalliella
,Animalia,Ixodidae,Species,"Aragão, 1911",,Amblyomma pacae,Amblyomma pacae,Nuttalliella
,Animalia,Ixodidae,Species,"Hirst, 1914",,Amblyomma papuanum,Amblyomma papuanum,Nuttalliella
,Animalia,Ixodidae,Species,"Fonseca & Aragão, 1952",,Amblyomma parkeri,Amblyomma parkeri,Nuttalliella
,Animalia,Ixodidae,Species,"Neumann, 1901",,Amblyomma parvitarsum,Amblyomma parvitarsum,Nuttalliella
,Animalia,Ixodidae,Species,"Aragão, 1908",,Amblyomma parvum,Amblyomma parvum,Nuttalliella
,Animalia,Ixodidae,Species,,,Amblyomma patinoi,Amblyomma patinoi,Nuttalliella
,Animalia,Ixodidae,Species,"Neumann, 1899",,Amblyomma paulopunctatum,Amblyomma paulopunctatum,Nuttalliella
,Animalia,Ixodidae,Species,"Dunn, 1933",,Amblyomma pecarium,Amblyomma pecarium,Nuttalliella
,Animalia,Ixodidae,Species,"Neumann, 1901",,Amblyomma personatum,Amblyomma personatum,Nuttalliella
,Animalia,Ixodidae,Species,,,Amblyomma philipi,Amblyomma philipi,Nuttalliella
,Animalia,Ixodidae,Species,"Neumann, 1906",,Amblyomma pictum,Amblyomma pictum,Nuttalliella
,Animalia,Ixodidae,Species,"Neumann, 1899",,Amblyomma pilosum,Amblyomma pilosum,Nuttalliella
,Animalia,Ixodidae,Species,"Donitz, 1909",,Amblyomma pomposum,Amblyomma pomposum,Nuttalliella
,Animalia,Ixodidae,Species,"Aragão, 1908",,Amblyomma pseudoconcolor,Amblyomma pseudoconcolor,Nuttalliella
,Animalia,Ixodidae,Species,"Guglielmone, Mangold & Keirans, 1990",,Amblyomma pseudoparvum,Amblyomma pseudoparvum,Nuttalliella
,Animalia,Ixodidae,Species,"(Schulze, 1941)",,Amblyomma quadricavum,Amblyomma quadricavum,Nuttalliella
,Animalia,Ixodidae,Species,"(de Geer, 1778)",,Amblyomma rhinocerotis,Amblyomma rhinocerotis,Nuttalliella
,Animalia,Ixodidae,Species,"Warburton, 1927",,Amblyomma robinsoni,Amblyomma robinsoni,Nuttalliella
,Animalia,Ixodidae,Species,,,Amblyomma romarioi,Amblyomma romarioi,Nuttalliella
,Animalia,Ixodidae,Species,"Koch, 1844",,Amblyomma rotundatum,Amblyomma rotundatum,Nuttalliella
,Animalia,Ixodidae,Species,"Stoll, 1890",,Amblyomma sabanerae,Amblyomma sabanerae,Nuttalliella
,Animalia,Ixodidae,Species,"Neumann, 1906",,Amblyomma scalpturatum,Amblyomma scalpturatum,Nuttalliella
,Animalia,Ixodidae,Species,,,Amblyomma sculptum,Amblyomma sculptum,Nuttalliella
,Animalia,Ixodidae,Species,"Neumann, 1899",,Amblyomma scutatum,Amblyomma scutatum,Nuttalliella
,Animalia,Ixodidae,Species,"Neumann, 1899",,Amblyomma sparsum,Amblyomma sparsum,Nuttalliella
,Animalia,Ixodidae,Species,,,Amblyomma sphenodonti,Amblyomma sphenodonti,Nuttalliella
,Animalia,Ixodidae,Species,"Giebel, 1877",,Amblyomma splendidum,Amblyomma splendidum,Nuttalliella
,Animalia,Ixodidae,Species,"Kohls, 1953",,Amblyomma squamosum,Amblyomma squamosum,Nuttalliella
,Animalia,Ixodidae,Species,"Koch, 1844",,Amblyomma striatum,Amblyomma striatum,Nuttalliella
,Animalia,Ixodidae,Species,"Neumann, 1905",,Amblyomma supinoi,Amblyomma supinoi,Nuttalliella
,Animalia,Ixodidae,Species,"(de Geer, 1778)",,Amblyomma sylvaticum,Amblyomma sylvaticum,Nuttalliella
,Animalia,Ixodidae,Species,"Dunn, 1933",,Amblyomma tapirellum,Amblyomma tapirellum,Nuttalliella
,Animalia,Ixodidae,Species,Koch 1844,,Amblyomma testudinarium,Amblyomma testudinarium,Nuttalliella
,Animalia,Ixodidae,Species,"(Conil, 1877)",,Amblyomma testudinis,Amblyomma testudinis,Nuttalliella
,Animalia,Ixodidae,Species,"Neumann, 1899",,Amblyomma tholloni,Amblyomma tholloni,Nuttalliella
,Animalia,Ixodidae,Species,"Koch, 1844",,Amblyomma tigrinum,Amblyomma tigrinum,Nuttalliella
,Animalia,Ixodidae,Species,,,Amblyomma tonelliae,Amblyomma tonelliae,Nuttalliella
,Animalia,Ixodidae,Species,"Perez Viqueras, 1934",,Amblyomma torrei,Amblyomma torrei,Nuttalliella
,Animalia,Ixodidae,Species,"Koch, 1844",,Amblyomma triguttatum,Amblyomma triguttatum,Nuttalliella
,Animalia,Ixodidae,Subspecies,,,Amblyomma triguttatum triguttatum,Amblyomma triguttatum triguttatum,Nuttalliella
,Animalia,Ixodidae,Species,,,Amblyomma trimaculatum,Amblyomma trimaculatum,Nuttalliella
,Animalia,Ixodidae,Species,"Koch, 1844",,Amblyomma triste,Amblyomma triste,Nuttalliella
,Animalia,Ixodidae,Species,"Marx, 1894",,Amblyomma tuberculatum,Amblyomma tuberculatum,Nuttalliella
,Animalia,Ixodidae,Species,"Keirans, Hoogstraal & Clifford, 1973",,Amblyomma usingeri,Amblyomma usingeri,Nuttalliella
,Animalia,Ixodidae,Species,(Supino),,Amblyomma varanensis,Amblyomma varanensis,Nuttalliella
,Animalia,Ixodidae,Species,"(Fabricius, 1794)",,Amblyomma variegatum,Amblyomma variegatum,Nuttalliella
,Animalia,Ixodidae,Species,"Koch, 1844",,Amblyomma varium,Amblyomma varium,Nuttalliella
,Animalia,Ixodidae,Species,"Keirans, Bull, & Duffield, 1996",,Amblyomma vikirri,Amblyomma vikirri,Nuttalliella
,Animalia,Ixodidae,Species,"Banks, 1924",,Amblyomma williamsi,Amblyomma williamsi,Nuttalliella
,Animalia,Ixodidae,Species,,,Amblyomma yucumense,Amblyomma yucumense,Nuttalliella
,Animalia,Ixodidae,Species,Schulze,,Anocentor columbianus,Anocentor columbianus,Nuttalliella
,Animalia,Ixodidae,Species,(Neumann),,Anocentor nitens,Anocentor nitens,Nuttalliella
,Animalia,Ixodidae,Species,,,Dermacentor abaensis,Dermacentor abaensis,Nuttalliella
,Animalia,Ixodidae,Species,"Packard, 1869",,Dermacentor albipictus,Dermacentor albipictus,Nuttalliella
,Animalia,Ixodidae,Species,Stiles,,Dermacentor andersoni,Dermacentor andersoni,Nuttalliella
,Animalia,Ixodidae,Subspecies,,,Dermacentor anocentor nitens,Dermacentor anocentor nitens,Nuttalliella
,Animalia,Ixodidae,Species,Arthur,,Dermacentor asper,Dermacentor asper,Nuttalliella
,Animalia,Ixodidae,Species,"NEUMANN, 1906",,Dermacentor atrosigtus,Dermacentor atrosigtus,Nuttalliella
,Animalia,Ixodidae,Species,Supino,,Dermacentor auratus,Dermacentor auratus,Nuttalliella
,Animalia,Ixodidae,Species,Neumann,,Dermacentor circumguttatus,Dermacentor circumguttatus,Nuttalliella
,Animalia,Ixodidae,Species,Neumann,,Dermacentor compactus,Dermacentor compactus,Nuttalliella
,Animalia,Ixodidae,Species,Schulze,,Dermacentor confragus,Dermacentor confragus,Nuttalliella
,Animalia,Ixodidae,Species,Olenev,,Dermacentor daghestanicus,Dermacentor daghestanicus,Nuttalliella
,Animalia,Ixodidae,Species,"Cooley, 1937",,Dermacentor dispar,Dermacentor dispar,Nuttalliella
,Animalia,Ixodidae,Species,Cooley,,Dermacentor dissimilis,Dermacentor dissimilis,Nuttalliella
,Animalia,Ixodidae,Species,Hirst,,Dermacentor everestianus,Dermacentor everestianus,Nuttalliella
,Animalia,Ixodidae,Species,Mcintosh,,Dermacentor halli,Dermacentor halli,Nuttalliella
,Animalia,Ixodidae,Species,"Bishopp, 1912",,Dermacentor hunteri,Dermacentor hunteri,Nuttalliella
,Animalia,Ixodidae,Species,Warburton,,Dermacentor imitans,Dermacentor imitans,Nuttalliella
,Animalia,Ixodidae,Species,,,Dermacentor indocentor,Dermacentor indocentor,Nuttalliella
,Animalia,Ixodidae,Species,"Cooley, 1937",,Dermacentor latus,Dermacentor latus,Nuttalliella
,Animalia,Ixodidae,Species,(Sulzer),,Dermacentor margitum,Dermacentor margitum,Nuttalliella
,Animalia,Ixodidae,Species,Sulzer,,Dermacentor margitus,Dermacentor margitus,Nuttalliella
,Animalia,Ixodidae,Species,Banks,,Dermacentor modestus,Dermacentor modestus,Nuttalliella
,Animalia,Ixodidae,Species,,,Dermacentor montanus,Dermacentor montanus,Nuttalliella
,Animalia,Ixodidae,Species,,,Dermacentor nitens,Dermacentor nitens,Nuttalliella
,Animalia,Ixodidae,Species,Neumann,,Dermacentor niveus,Dermacentor niveus,Nuttalliella
,Animalia,Ixodidae,Species,Olenev,,Dermacentor nuttalli,Dermacentor nuttalli,Nuttalliella
,Animalia,Ixodidae,Species,Marx,,Dermacentor occidentalis,Dermacentor occidentalis,Nuttalliella
,Animalia,Ixodidae,Species,"Apanaskevich & Bermudez, 2013",,Dermacentor pamensis,Dermacentor pamensis,Nuttalliella
,Animalia,Ixodidae,Species,Neumann,,Dermacentor parumapertus,Dermacentor parumapertus,Nuttalliella
,Animalia,Ixodidae,Species,Olenev,,Dermacentor pavlovskyi,Dermacentor pavlovskyi,Nuttalliella
,Animalia,Ixodidae,Species,Hermann,,Dermacentor pictus,Dermacentor pictus,Nuttalliella
,Animalia,Ixodidae,Species,Pomerantzev,,Dermacentor raskemensis,Dermacentor raskemensis,Nuttalliella
,Animalia,Ixodidae,Species,(Fabricius),,Dermacentor reticulatus,Dermacentor reticulatus,Nuttalliella
,Animalia,Ixodidae,Subspecies,,,Dermacentor rhinocerinus denny,Dermacentor rhinocerinus denny,Nuttalliella
,Animalia,Ixodidae,Species,(Denny),,Dermacentor rhinocerinus,Dermacentor rhinocerinus,Nuttalliella
,Animalia,Ixodidae,Species,(De Geer),,Dermacentor rhinocerotis,Dermacentor rhinocerotis,Nuttalliella
,Animalia,Ixodidae,Subspecies,"Schulze, 1933",,Dermacentor silvarum ablutus,Dermacentor silvarum ablutus,Nuttalliella
,Animalia,Ixodidae,Species,Olenev,,Dermacentor silvarum,Dermacentor silvarum,Nuttalliella
,Animalia,Ixodidae,Subspecies,Schulze,,Dermacentor sinicus pallidior,Dermacentor sinicus pallidior,Nuttalliella
,Animalia,Ixodidae,Subspecies,Schulze,,Dermacentor sinicus sinicus,Dermacentor sinicus sinicus,Nuttalliella
,Animalia,Ixodidae,Species,Schulz,,Dermacentor sinicus,Dermacentor sinicus,Nuttalliella
,Animalia,Ixodidae,Subspecies,Schulze,,Dermacentor steini leviculus,Dermacentor steini leviculus,Nuttalliella
,Animalia,Ixodidae,Subspecies,Schulze,,Dermacentor steini steini,Dermacentor steini steini,Nuttalliella
,Animalia,Ixodidae,Species,Schulze,,Dermacentor steini,Dermacentor steini,Nuttalliella
,Animalia,Ixodidae,Species,Sugimoto,,Dermacentor taiwanensis,Dermacentor taiwanensis,Nuttalliella
,Animalia,Ixodidae,Species,,,Dermacentor ushakovae,Dermacentor ushakovae,Nuttalliella
,Animalia,Ixodidae,Species,(Say),,Dermacentor variabilis,Dermacentor variabilis,Nuttalliella
,Animalia,Ixodidae,Species,Marx,,Dermacentor venustus,Dermacentor venustus,Nuttalliella
,Animalia,Ixodidae,Species,,,Haemaphysalis abolmisalis,Haemaphysalis abolmisalis,Nuttalliella
,Animalia,Ixodidae,Species,Warburton,,Haemaphysalis aborensis,Haemaphysalis aborensis,Nuttalliella
,Animalia,Ixodidae,Species,Warburton,,Haemaphysalis aciculifer,Haemaphysalis aciculifer,Nuttalliella
,Animalia,Ixodidae,Species,Lavarra,,Haemaphysalis aculeata,Haemaphysalis aculeata,Nuttalliella
,Animalia,Ixodidae,Species,Feldman-Muhsam,,Haemaphysalis adleri,Haemaphysalis adleri,Nuttalliella
,Animalia,Ixodidae,Species,Warburton,,Haemaphysalis anomala,Haemaphysalis anomala,Nuttalliella
,Animalia,Ixodidae,Species,"Hoogstraal, Uilenberg & Klein",,Haemaphysalis anoplos,Haemaphysalis anoplos,Nuttalliella
,Animalia,Ixodidae,Species,Warburton,,Haemaphysalis aponommoides,Haemaphysalis aponommoides,Nuttalliella
,Animalia,Ixodidae,Species,(Supino),,Haemaphysalis asiatica,Haemaphysalis asiatica,Nuttalliella
,Animalia,Ixodidae,Species,"Hoogstraal, Trapido & Kohls",,Haemaphysalis atherurus,Haemaphysalis atherurus,Nuttalliella
,Animalia,Ixodidae,Species,Nuttall & Warburton,,Haemaphysalis bancrofti,Haemaphysalis bancrofti,Nuttalliella
,Animalia,Ixodidae,Species,Hoogstraal & Kohls,,Haemaphysalis bandicota,Haemaphysalis bandicota,Nuttalliella
,Animalia,Ixodidae,Subspecies,Schulze,,Haemaphysalis bartelsi schulze,Haemaphysalis bartelsi schulze,Nuttalliella
,Animalia,Ixodidae,Species,Schulze,,Haemaphysalis bartelsi,Haemaphysalis bartelsi,Nuttalliella
,Animalia,Ixodidae,Species,,,Haemaphysalis bedfordi,Haemaphysalis bedfordi,Nuttalliella
,Animalia,Ixodidae,Species,"Hoogstraal, 1956",,Haemaphysalis bequaerti,Haemaphysalis bequaerti,Nuttalliella
,Animalia,Ixodidae,Species,Supino,,Haemaphysalis birmaniae,Haemaphysalis birmaniae,Nuttalliella
,Animalia,Ixodidae,Species,Neumann,,Haemaphysalis bispinosa,Haemaphysalis bispinosa,Nuttalliella
,Animalia,Ixodidae,Species,Hoogstraal,,Haemaphysalis borneata,Haemaphysalis borneata,Nuttalliella
,Animalia,Ixodidae,Species,Roberts,,Haemaphysalis bremneri,Haemaphysalis bremneri,Nuttalliella
,Animalia,Ixodidae,Species,Neumann,,Haemaphysalis calcarata,Haemaphysalis calcarata,Nuttalliella
,Animalia,Ixodidae,Species,Nuttall & Warburton,,Haemaphysalis calvus,Haemaphysalis calvus,Nuttalliella
,Animalia,Ixodidae,Species,Warburton,,Haemaphysalis campanulata,Haemaphysalis campanulata,Nuttalliella
,Animalia,Ixodidae,Species,(Supino),,Haemaphysalis canestrinii,Haemaphysalis canestrinii,Nuttalliella
,Animalia,Ixodidae,Species,Hoogstraal,,Haemaphysalis capricornis,Haemaphysalis capricornis,Nuttalliella
,Animalia,Ixodidae,Species,Olenev,,Haemaphysalis caucasica,Haemaphysalis caucasica,Nuttalliella
,Animalia,Ixodidae,Species,"Hoogstraal, Trapido & Kohls",,Haemaphysalis celebensis,Haemaphysalis celebensis,Nuttalliella
,Animalia,Ixodidae,Species,"Kohls, 1949",,Haemaphysalis centropi,Haemaphysalis centropi,Nuttalliella
,Animalia,Ixodidae,Species,,,Haemaphysalis centrosa,Haemaphysalis centrosa,Nuttalliella
,Animalia,Ixodidae,Species,Sharif,,Haemaphysalis choprai,Haemaphysalis choprai,Nuttalliella
,Animalia,Ixodidae,Species,(Packard),,Haemaphysalis chordeilis,Haemaphysalis chordeilis,Nuttalliella
,Animalia,Ixodidae,Subspecies,,,Haemaphysalis cinbari punctata,Haemaphysalis cinbari punctata,Nuttalliella
,Animalia,Ixodidae,Species,Koch,,Haemaphysalis cinbari,Haemaphysalis cinbari,Nuttalliella
,Animalia,Ixodidae,Species,Apanaskevich & Horak 2008,,Haemaphysalis colesbergensis,Haemaphysalis colesbergensis,Nuttalliella
,Animalia,Ixodidae,Species,Koch,,Haemaphysalis concin,Haemaphysalis concin,Nuttalliella
,Animalia,Ixodidae,Subspecies,"Trapido & Hoogstraal, 1964",,Haemaphysalis conrnigeria shimoga,Haemaphysalis conrnigeria shimoga,Nuttalliella
,Animalia,Ixodidae,Species,Bedford,,Haemaphysalis cooleyi,Haemaphysalis cooleyi,Nuttalliella
,Animalia,Ixodidae,Subspecies,Neumann,,Haemaphysalis cornigera cornigera,Haemaphysalis cornigera cornigera,Nuttalliella
,Animalia,Ixodidae,Subspecies,"Trapido & Hoogstraal, 1964",,Haemaphysalis cornigera shimoga,Haemaphysalis cornigera shimoga,Nuttalliella
,Animalia,Ixodidae,Species,Neumann,,Haemaphysalis cornigera,Haemaphysalis cornigera,Nuttalliella
,Animalia,Ixodidae,Species,"Hoogstraal & Varma, 1962",,Haemaphysalis cornupunctata,Haemaphysalis cornupunctata,Nuttalliella
,Animalia,Ixodidae,Species,Warburton,,Haemaphysalis cuspidata,Haemaphysalis cuspidata,Nuttalliella
,Animalia,Ixodidae,Species,"CERNY& Hoogstraal, 1977",,Haemaphysalis danieli,Haemaphysalis danieli,Nuttalliella
,Animalia,Ixodidae,Species,Hoogstraal & Dhanda,,Haemaphysalis darjeeling,Haemaphysalis darjeeling,Nuttalliella
,Animalia,Ixodidae,Species,"Hoogstraal, Dhanda & Bhat",,Haemaphysalis davisi,Haemaphysalis davisi,Nuttalliella
,Animalia,Ixodidae,Species,(Packard),,Haemaphysalis dentatus,Haemaphysalis dentatus,Nuttalliella
,Animalia,Ixodidae,Species,Warburton & Nuttall,,Haemaphysalis doenitzi,Haemaphysalis doenitzi,Nuttalliella
,Animalia,Ixodidae,Species,,,Haemaphysalis elliptica,Haemaphysalis elliptica,Nuttalliella
,Animalia,Ixodidae,Species,Neumann,,Haemaphysalis elongata,Haemaphysalis elongata,Nuttalliella
,Animalia,Ixodidae,Species,Pavesi,,Haemaphysalis ericei,Haemaphysalis ericei,Nuttalliella
,Animalia,Ixodidae,Subspecies,Pospelova-Shtrom,,Haemaphysalis ericei turanica,Haemaphysalis ericei turanica,Nuttalliella
,Animalia,Ixodidae,Subspecies,Pavesi,,Haemaphysalis ericei ericei,Haemaphysalis ericei ericei,Nuttalliella
,Animalia,Ixodidae,Species,Santos & Dias,,Haemaphysalis ethiopica,Haemaphysalis ethiopica,Nuttalliella
,Animalia,Ixodidae,Species,"Hoogstraal, Kohls & Trapido",,Haemaphysalis eupleres,Haemaphysalis eupleres,Nuttalliella
,Animalia,Ixodidae,Species,Neumann,,Haemaphysalis flava,Haemaphysalis flava,Nuttalliella
,Animalia,Ixodidae,Species,Neumann,,Haemaphysalis formosensis,Haemaphysalis formosensis,Nuttalliella
,Animalia,Ixodidae,Species,"Hoogstraal, 1953",,Haemaphysalis fossae,Haemaphysalis fossae,Nuttalliella
,Animalia,Ixodidae,Species,Kitaoka,,Haemaphysalis fujisa,Haemaphysalis fujisa,Nuttalliella
,Animalia,Ixodidae,Species,Dhanda & Bhat,,Haemaphysalis garhwalensis,Haemaphysalis garhwalensis,Nuttalliella
,Animalia,Ixodidae,Species,Hoogstraal,,Haemaphysalis goral,Haemaphysalis goral,Nuttalliella
,Animalia,Ixodidae,Species,,,Haemaphysalis haemaphysalis,Haemaphysalis haemaphysalis,Nuttalliella
,Animalia,Ixodidae,Species,"Schulze, 1939",1939,Haemaphysalis heinrichi,Haemaphysalis heinrichi,Nuttalliella
,Animalia,Ixodidae,Species,Hoogstraal,,Haemaphysalis himalaya,Haemaphysalis himalaya,Nuttalliella
,Animalia,Ixodidae,Species,"Hoogstraal, Trapido & Kohls",,Haemaphysalis hirsuta,Haemaphysalis hirsuta,Nuttalliella
,Animalia,Ixodidae,Species,Gil & Collado,,Haemaphysalis hispanica,Haemaphysalis hispanica,Nuttalliella
,Animalia,Ixodidae,Species,Warburton & Nuttall,,Haemaphysalis hoodi,Haemaphysalis hoodi,Nuttalliella
,Animalia,Ixodidae,Species,Kohls,,Haemaphysalis hoogstraali,Haemaphysalis hoogstraali,Nuttalliella
,Animalia,Ixodidae,Species,Nuttall & Warburton,,Haemaphysalis houyi,Haemaphysalis houyi,Nuttalliella
,Animalia,Ixodidae,Species,Warburton,,Haemaphysalis howletti,Haemaphysalis howletti,Nuttalliella
,Animalia,Ixodidae,Species,Warburton & Nuttall,,Haemaphysalis humerosa,Haemaphysalis humerosa,Nuttalliella
,Animalia,Ixodidae,Species,Schulze,,Haemaphysalis hylobatis,Haemaphysalis hylobatis,Nuttalliella
,Animalia,Ixodidae,Species,"Hoogstraal, Walker & Neitz, 1971",,Haemaphysalis hyracophila,Haemaphysalis hyracophila,Nuttalliella
,Animalia,Ixodidae,Species,Supino,,Haemaphysalis hystricis,Haemaphysalis hystricis,Nuttalliella
,Animalia,Ixodidae,Species,Warburton,,Haemaphysalis indica,Haemaphysalis indica,Nuttalliella
,Animalia,Ixodidae,Species,Dhanda & Bhat,,Haemaphysalis indoflava,Haemaphysalis indoflava,Nuttalliella
,Animalia,Ixodidae,Species,Birula,,Haemaphysalis inermis,Haemaphysalis inermis,Nuttalliella
,Animalia,Ixodidae,Species,Warburton & Nuttall,,Haemaphysalis intermedia,Haemaphysalis intermedia,Nuttalliella
,Animalia,Ixodidae,Subspecies,Nuttall & Warburton,,Haemaphysalis japonica douglasi,Haemaphysalis japonica douglasi,Nuttalliella
,Animalia,Ixodidae,Subspecies,Warburton,,Haemaphysalis japonica japonica,Haemaphysalis japonica japonica,Nuttalliella
,Animalia,Ixodidae,Species,Warburton,,Haemaphysalis japonica,Haemaphysalis japonica,Nuttalliella
,Animalia,Ixodidae,Species,"Cooley, 1946",,Haemaphysalis juxtakochi,Haemaphysalis juxtakochi,Nuttalliella
,Animalia,Ixodidae,Species,,,Haemaphysalis kadarsani,Haemaphysalis kadarsani,Nuttalliella
,Animalia,Ixodidae,Species,"Hoogstraal & Varma, 1962",,Haemaphysalis kashmirensis,Haemaphysalis kashmirensis,Nuttalliella
,Animalia,Ixodidae,Species,Warburton,,Haemaphysalis kinneari,Haemaphysalis kinneari,Nuttalliella
,Animalia,Ixodidae,Species,"Hoogstraal, 1969",,Haemaphysalis kitaokai,Haemaphysalis kitaokai,Nuttalliella
,Animalia,Ixodidae,Species,Warburton & Nuttall,,Haemaphysalis koningsbergeri,Haemaphysalis koningsbergeri,Nuttalliella
,Animalia,Ixodidae,Species,Kerbarayev,,Haemaphysalis kopetdaghica,Haemaphysalis kopetdaghica,Nuttalliella
,Animalia,Ixodidae,Species,"Hoogstraal & Trapido, 1963",,Haemaphysalis kutchensis,Haemaphysalis kutchensis,Nuttalliella
,Animalia,Ixodidae,Species,"Trapido, Hoogstraal & Rajagopalan",,Haemaphysalis kyasanurensis,Haemaphysalis kyasanurensis,Nuttalliella
,Animalia,Ixodidae,Species,Larrousse,,Haemaphysalis lagrangei,Haemaphysalis lagrangei,Nuttalliella
,Animalia,Ixodidae,Subspecies,"(Audouin), 1827",,Haemaphysalis leachi leachi,Haemaphysalis leachi leachi,Nuttalliella
,Animalia,Ixodidae,Species,(Audouin),,Haemaphysalis leachi,Haemaphysalis leachi,Nuttalliella
,Animalia,Ixodidae,Species,Hoogstraal,,Haemaphysalis lemuris,Haemaphysalis lemuris,Nuttalliella
,Animalia,Ixodidae,Species,(Packard),,Haemaphysalis leporispalustris,Haemaphysalis leporispalustris,Nuttalliella
,Animalia,Ixodidae,Species,Neumann,,Haemaphysalis longicornis,Haemaphysalis longicornis,Nuttalliella
,Animalia,Ixodidae,Species,"Hoogstraal & Parrish, 1968",,Haemaphysalis luzonensis,Haemaphysalis luzonensis,Nuttalliella
,Animalia,Ixodidae,Species,Colas-Belcour & Millot,,Haemaphysalis madagascariensis,Haemaphysalis madagascariensis,Nuttalliella
,Animalia,Ixodidae,Species,Saito & Hoogstraal,,Haemaphysalis mageshimaensis,Haemaphysalis mageshimaensis,Nuttalliella
,Animalia,Ixodidae,Species,"Rajagopalan, 1963",,Haemaphysalis megalaimae,Haemaphysalis megalaimae,Nuttalliella
,Animalia,Ixodidae,Species,Saito,,Haemaphysalis megaspinosa,Haemaphysalis megaspinosa,Nuttalliella
,Animalia,Ixodidae,Species,"Kohls, 1950",,Haemaphysalis minuta,Haemaphysalis minuta,Nuttalliella
,Animalia,Ixodidae,Species,Warburton,,Haemaphysalis mjobergi,Haemaphysalis mjobergi,Nuttalliella
,Animalia,Ixodidae,Species,Nuttall,,Haemaphysalis montgomeryi,Haemaphysalis montgomeryi,Nuttalliella
,Animalia,Ixodidae,Species,"Camicas, Hoogstraal & El Kammah",,Haemaphysalis moreli,Haemaphysalis moreli,Nuttalliella
,Animalia,Ixodidae,Species,Santos & Dias,,Haemaphysalis muhsamae,Haemaphysalis muhsamae,Nuttalliella
,Animalia,Ixodidae,Species,"Hoogstraal, Trapido & Kohls",,Haemaphysalis dchatrami,Haemaphysalis dchatrami,Nuttalliella
,Animalia,Ixodidae,Species,,,Haemaphysalis neitzi,Haemaphysalis neitzi,Nuttalliella
,Animalia,Ixodidae,Species,Hoogstraal,,Haemaphysalis nepalensis,Haemaphysalis nepalensis,Nuttalliella
,Animalia,Ixodidae,Species,"Hoogstraal, Uilenberg & Klein, 1966",,Haemaphysalis nesomys,Haemaphysalis nesomys,Nuttalliella
,Animalia,Ixodidae,Species,,,Haemaphysalis neumanni,Haemaphysalis neumanni,Nuttalliella
,Animalia,Ixodidae,Species,"Hoogstral & Wassef, 1983",,Haemaphysalis norvali,Haemaphysalis norvali,Nuttalliella
,Animalia,Ixodidae,Species,Hirst,,Haemaphysalis novaeguineae,Haemaphysalis novaeguineae,Nuttalliella
,Animalia,Ixodidae,Species,Larrousse,,Haemaphysalis obesa,Haemaphysalis obesa,Nuttalliella
,Animalia,Ixodidae,Species,Doenitz,,Haemaphysalis obtusa,Haemaphysalis obtusa,Nuttalliella
,Animalia,Ixodidae,Species,"Apanaskevich & Horak, 2008",,Haemaphysalis oliveri,Haemaphysalis oliveri,Nuttalliella
,Animalia,Ixodidae,Species,Nuttall & Warburton,,Haemaphysalis orientalis,Haemaphysalis orientalis,Nuttalliella
,Animalia,Ixodidae,Species,Hoogstraal & Kohls,,Haemaphysalis ornithophila,Haemaphysalis ornithophila,Nuttalliella
,Animalia,Ixodidae,Species,Kohls,,Haemaphysalis palawanensis,Haemaphysalis palawanensis,Nuttalliella
,Animalia,Ixodidae,Subspecies,,,Haemaphysalis palustris palustris,Haemaphysalis palustris palustris,Nuttalliella
,Animalia,Ixodidae,Subspecies,"Hoogstraal, Trapido & Kohls",,Haemaphysalis papua dchatrami,Haemaphysalis papua dchatrami,Nuttalliella
,Animalia,Ixodidae,Subspecies,Thorell,,Haemaphysalis papua papua,Haemaphysalis papua papua,Nuttalliella
,Animalia,Ixodidae,Species,Thorell,,Haemaphysalis papua,Haemaphysalis papua,Nuttalliella
,Animalia,Ixodidae,Subspecies,Camicas & Hoogstraal,,Haemaphysalis paraleachi paraleachi,Haemaphysalis paraleachi paraleachi,Nuttalliella
,Animalia,Ixodidae,Subspecies,Camicas & Hoogstraal,,Haemaphysalis paraleachi walkerae,Haemaphysalis paraleachi walkerae,Nuttalliella
,Animalia,Ixodidae,Species,Camicas & Hoogstraal,,Haemaphysalis paraleachi,Haemaphysalis paraleachi,Nuttalliella
,Animalia,Ixodidae,Species,"Hoogstraal, Trapido & Rebello, 1963",,Haemaphysalis paraturturis,Haemaphysalis paraturturis,Nuttalliella
,Animalia,Ixodidae,Species,Neumann,,Haemaphysalis parmata,Haemaphysalis parmata,Nuttalliella
,Animalia,Ixodidae,Species,(Neumann),,Haemaphysalis parva,Haemaphysalis parva,Nuttalliella
,Animalia,Ixodidae,Species,Pospelova-Shtrom,,Haemaphysalis pavlovskyi,Haemaphysalis pavlovskyi,Nuttalliella
,Animalia,Ixodidae,Species,Hoogstraal,,Haemaphysalis pedetes,Haemaphysalis pedetes,Nuttalliella
,Animalia,Ixodidae,Species,Pospelova-Shtrom,,Haemaphysalis pentalagi,Haemaphysalis pentalagi,Nuttalliella
,Animalia,Ixodidae,Species,Roberts,,Haemaphysalis petrogalis,Haemaphysalis petrogalis,Nuttalliella
,Animalia,Ixodidae,Species,"Saito, Hoogstraal & Wassef",,Haemaphysalis phasia,Haemaphysalis phasia,Nuttalliella
,Animalia,Ixodidae,Species,"Hoogstraal, 1966",,Haemaphysalis pospelovashtromae,Haemaphysalis pospelovashtromae,Nuttalliella
,Animalia,Ixodidae,Species,"Hoogstraal, El & Kammah",,Haemaphysalis psalistos,Haemaphysalis psalistos,Nuttalliella
,Animalia,Ixodidae,Species,"Camicas, Hoogstraal & El Kammah",,Haemaphysalis punctaleachi,Haemaphysalis punctaleachi,Nuttalliella
,Animalia,Ixodidae,Subspecies,Canestrini & Fanzago,,Haemaphysalis punctata abomisalis,Haemaphysalis punctata abomisalis,Nuttalliella
,Animalia,Ixodidae,Subspecies,Canestrini & Fanzago,,Haemaphysalis punctata cinbari,Haemaphysalis punctata cinbari,Nuttalliella
,Animalia,Ixodidae,Species,Canestrini & Fanzago,,Haemaphysalis punctata,Haemaphysalis punctata,Nuttalliella
,Animalia,Ixodidae,Species,,,Haemaphysalis quadriaculeata,Haemaphysalis quadriaculeata,Nuttalliella
,Animalia,Ixodidae,Species,"Dhanda, Hoogstraal & Bhat",,Haemaphysalis ramachandrai,Haemaphysalis ramachandrai,Nuttalliella
,Animalia,Ixodidae,Species,"Kohls, 1948",,Haemaphysalis ratti,Haemaphysalis ratti,Nuttalliella
,Animalia,Ixodidae,Species,"Schulze, 1933",,Haemaphysalis renschi,Haemaphysalis renschi,Nuttalliella
,Animalia,Ixodidae,Species,,,Haemaphysalis rhipistoma,Haemaphysalis rhipistoma,Nuttalliella
,Animalia,Ixodidae,Species,Toumanoff,,Haemaphysalis roubaudi,Haemaphysalis roubaudi,Nuttalliella
,Animalia,Ixodidae,Species,Santos & Dias,,Haemaphysalis rugosa,Haemaphysalis rugosa,Nuttalliella
,Animalia,Ixodidae,Species,Kohls,,Haemaphysalis rusae,Haemaphysalis rusae,Nuttalliella
,Animalia,Ixodidae,Species,Hoogstraal,,Haemaphysalis sambar,Haemaphysalis sambar,Nuttalliella
,Animalia,Ixodidae,Species,Kohls,,Haemaphysalis sciuri,Haemaphysalis sciuri,Nuttalliella
,Animalia,Ixodidae,Species,Neumann,,Haemaphysalis semermis,Haemaphysalis semermis,Nuttalliella
,Animalia,Ixodidae,Subspecies,Neumann,,Haemaphysalis semermis rufipes,Haemaphysalis semermis rufipes,Nuttalliella
,Animalia,Ixodidae,Species,Trapido & Hoogstraal,,Haemaphysalis shimoga,Haemaphysalis shimoga,Nuttalliella
,Animalia,Ixodidae,Species,Robinson,,Haemaphysalis silacea,Haemaphysalis silacea,Nuttalliella
,Animalia,Ixodidae,Species,"Hoogstraal & Trapido, 1963",,Haemaphysalis silvafelis,Haemaphysalis silvafelis,Nuttalliella
,Animalia,Ixodidae,Species,Neumann,,Haemaphysalis simplex,Haemaphysalis simplex,Nuttalliella
,Animalia,Ixodidae,Species,"Hoogstraal & Wassef, 1979",,Haemaphysalis simplicima,Haemaphysalis simplicima,Nuttalliella
,Animalia,Ixodidae,Species,Neumann,,Haemaphysalis spinigera,Haemaphysalis spinigera,Nuttalliella
,Animalia,Ixodidae,Species,Neumann,,Haemaphysalis spinulosa,Haemaphysalis spinulosa,Nuttalliella
,Animalia,Ixodidae,Species,Hoogstraal,,Haemaphysalis subelongata,Haemaphysalis subelongata,Nuttalliella
,Animalia,Ixodidae,Species,Canestrini & Fanzago,,Haemaphysalis sulcata,Haemaphysalis sulcata,Nuttalliella
,Animalia,Ixodidae,Species,"El, Kammah, Kadarsan & Astos",,Haemaphysalis sumatraensis,Haemaphysalis sumatraensis,Nuttalliella
,Animalia,Ixodidae,Species,Sharif,,Haemaphysalis sundrai,Haemaphysalis sundrai,Nuttalliella
,Animalia,Ixodidae,Species,"Hoogstraal, Kohls & Parrish",,Haemaphysalis susphilippensis,Haemaphysalis susphilippensis,Nuttalliella
,Animalia,Ixodidae,Species,Sugimoto,,Haemaphysalis taiwa,Haemaphysalis taiwa,Nuttalliella
,Animalia,Ixodidae,Species,Morel,,Haemaphysalis tauffliebi,Haemaphysalis tauffliebi,Nuttalliella
,Animalia,Ixodidae,Species,,,Haemaphysalis taurica,Haemaphysalis taurica,Nuttalliella
,Animalia,Ixodidae,Species,Banks,,Haemaphysalis texanus,Haemaphysalis texanus,Nuttalliella
,Animalia,Ixodidae,Species,"Hoogstraal, 1953",,Haemaphysalis theilerae,Haemaphysalis theilerae,Nuttalliella
,Animalia,Ixodidae,Species,"Hoogstraal, 1953",,Haemaphysalis tiptoni,Haemaphysalis tiptoni,Nuttalliella
,Animalia,Ixodidae,Species,Warburton,,Haemaphysalis toxopei,Haemaphysalis toxopei,Nuttalliella
,Animalia,Ixodidae,Species,Oudemans,,Haemaphysalis traguli,Haemaphysalis traguli,Nuttalliella
,Animalia,Ixodidae,Species,"Kohls, 1955",,Haemaphysalis traubi,Haemaphysalis traubi,Nuttalliella
,Animalia,Ixodidae,Species,Nuttall & Warburton,,Haemaphysalis turturis,Haemaphysalis turturis,Nuttalliella
,Animalia,Ixodidae,Species,"Itagaki, Noda & Yamaguchi",,Haemaphysalis verticalis,Haemaphysalis verticalis,Nuttalliella
,Animalia,Ixodidae,Species,Warburton & Nuttall,,Haemaphysalis vidua,Haemaphysalis vidua,Nuttalliella
,Animalia,Ixodidae,Species,Hoogstraal & Wilson,,Haemaphysalis vietmensis,Haemaphysalis vietmensis,Nuttalliella
,Animalia,Ixodidae,Species,Nuttall,,Haemaphysalis warburtoni,Haemaphysalis warburtoni,Nuttalliella
,Animalia,Ixodidae,Species,Nuttall & Warburton,,Haemaphysalis wellingtoni,Haemaphysalis wellingtoni,Nuttalliella
,Animalia,Ixodidae,Species,Toumanoff,,Haemaphysalis yeni,Haemaphysalis yeni,Nuttalliella
,Animalia,Ixodidae,Species,"Hoogstraal & El Kammah, 1974",,Haemaphysalis zumpti,Haemaphysalis zumpti,Nuttalliella
,Animalia,Ixodidae,Species,"(Linnaeus, 1758)",,Hyalomma aegyptium,Hyalomma aegyptium,Nuttalliella
,Animalia,Ixodidae,Species,Schulze,,Hyalomma albiparmatum,Hyalomma albiparmatum,Nuttalliella
,Animalia,Ixodidae,Species,,,Hyalomma ampelinus,Hyalomma ampelinus,Nuttalliella
,Animalia,Ixodidae,Subspecies,,,Hyalomma atolicum atolicum,Hyalomma atolicum atolicum,Nuttalliella
,Animalia,Ixodidae,Subspecies,Koch,,Hyalomma atolicum excavatum,Hyalomma atolicum excavatum,Nuttalliella
,Animalia,Ixodidae,Species,"Koch, 1844",,Hyalomma atolicum,Hyalomma atolicum,Nuttalliella
,Animalia,Ixodidae,Species,"Pegram, Hoogstraal & Wassef, 1982",,Hyalomma arabica,Hyalomma arabica,Nuttalliella
,Animalia,Ixodidae,Subspecies,Schulze & Schlottke,,Hyalomma asiaticum asiaticum,Hyalomma asiaticum asiaticum,Nuttalliella
,Animalia,Ixodidae,Subspecies,Pomerantzev,,Hyalomma asiaticum caucasicum,Hyalomma asiaticum caucasicum,Nuttalliella
,Animalia,Ixodidae,Subspecies,Olenev,,Hyalomma asiaticum kozlovi,Hyalomma asiaticum kozlovi,Nuttalliella
,Animalia,Ixodidae,Species,"Schulze & Schlottke, 1930",,Hyalomma asiaticum,Hyalomma asiaticum,Nuttalliella
,Animalia,Ixodidae,Species,Sharif,,Hyalomma brevipunctata,Hyalomma brevipunctata,Nuttalliella
,Animalia,Ixodidae,Species,(Macalister),,Hyalomma compressum,Hyalomma compressum,Nuttalliella
,Animalia,Ixodidae,Subspecies,,,Hyalomma detritum albipictum,Hyalomma detritum albipictum,Nuttalliella
,Animalia,Ixodidae,Subspecies,,,Hyalomma detritum damascenium,Hyalomma detritum damascenium,Nuttalliella
,Animalia,Ixodidae,Subspecies,Schulze,,Hyalomma detritum dardanicum,Hyalomma detritum dardanicum,Nuttalliella
,Animalia,Ixodidae,Subspecies,Schulze,,Hyalomma detritum detritum,Hyalomma detritum detritum,Nuttalliella
,Animalia,Ixodidae,Subspecies,,,Hyalomma detritum mauritanicum,Hyalomma detritum mauritanicum,Nuttalliella
,Animalia,Ixodidae,Subspecies,Schulze,,Hyalomma detritum perstrigatum,Hyalomma detritum perstrigatum,Nuttalliella
,Animalia,Ixodidae,Subspecies,,,Hyalomma detritum steineri,Hyalomma detritum steineri,Nuttalliella
,Animalia,Ixodidae,Species,Schulze,,Hyalomma detritum,Hyalomma detritum,Nuttalliella
,Animalia,Ixodidae,Subspecies,Schulze,,Hyalomma dromedarii asiaticum,Hyalomma dromedarii asiaticum,Nuttalliella
,Animalia,Ixodidae,Subspecies,Koch,,Hyalomma dromedarii dromedarii,Hyalomma dromedarii dromedarii,Nuttalliella
,Animalia,Ixodidae,Species,"Koch, 1844",,Hyalomma dromedarii,Hyalomma dromedarii,Nuttalliella
,Animalia,Ixodidae,Species,,,Hyalomma dromedarius,Hyalomma dromedarius,Nuttalliella
,Animalia,Ixodidae,Species,"Tonelli-Rondelli, 1932",,Hyalomma erythraeum,Hyalomma erythraeum,Nuttalliella
,Animalia,Ixodidae,Species,"Koch, 1844",,Hyalomma excavatum,Hyalomma excavatum,Nuttalliella
,Animalia,Ixodidae,Species,"Tonelli-Rondelli, 1932",,Hyalomma franchinii,Hyalomma franchinii,Nuttalliella
,Animalia,Ixodidae,Species,Sharif,,Hyalomma hussaini,Hyalomma hussaini,Nuttalliella
,Animalia,Ixodidae,Species,"Schulze & Schlottke, 1930",,Hyalomma impeltatum,Hyalomma impeltatum,Nuttalliella
,Animalia,Ixodidae,Subspecies,Koch,,Hyalomma impressum rufipes,Hyalomma impressum rufipes,Nuttalliella
,Animalia,Ixodidae,Species,Koch,,Hyalomma impressum,Hyalomma impressum,Nuttalliella
,Animalia,Ixodidae,Species,"Sharif, 1928",,Hyalomma isaaci,Hyalomma isaaci,Nuttalliella
,Animalia,Ixodidae,Species,Sharif,,Hyalomma kumari,Hyalomma kumari,Nuttalliella
,Animalia,Ixodidae,Subspecies,,,Hyalomma lusitanicum koch,Hyalomma lusitanicum koch,Nuttalliella
,Animalia,Ixodidae,Species,"Koch, 1844",,Hyalomma lusitanicum,Hyalomma lusitanicum,Nuttalliella
,Animalia,Ixodidae,Subspecies,Sharif,,Hyalomma margitum isaaci,Hyalomma margitum isaaci,Nuttalliella
,Animalia,Ixodidae,Subspecies,Koch,,Hyalomma margitum margitum,Hyalomma margitum margitum,Nuttalliella
,Animalia,Ixodidae,Subspecies,Koch,,Hyalomma margitum rufipes,Hyalomma margitum rufipes,Nuttalliella
,Animalia,Ixodidae,Subspecies,Pomerantzev,,Hyalomma margitum turanicum,Hyalomma margitum turanicum,Nuttalliella
,Animalia,Ixodidae,Species,"Koch, 1844",,Hyalomma margitum,Hyalomma margitum,Nuttalliella
,Animalia,Ixodidae,Species,Schulze,,Hyalomma nitidum,Hyalomma nitidum,Nuttalliella
,Animalia,Ixodidae,Species,(Panzer),,Hyalomma plumbeum,Hyalomma plumbeum,Nuttalliella
,Animalia,Ixodidae,Species,"Hoogstraal, Kaiser & Pedersen",,Hyalomma punt,Hyalomma punt,Nuttalliella
,Animalia,Ixodidae,Species,Neumann,,Hyalomma rhipicephaloides,Hyalomma rhipicephaloides,Nuttalliella
,Animalia,Ixodidae,Subspecies,Koch,,Hyalomma rufipes rufipes,Hyalomma rufipes rufipes,Nuttalliella
,Animalia,Ixodidae,Species,Koch,,Hyalomma rufipes,Hyalomma rufipes,Nuttalliella
,Animalia,Ixodidae,Subspecies,,,Hyalomma savignyi armeniorum,Hyalomma savignyi armeniorum,Nuttalliella
,Animalia,Ixodidae,Species,(Gervais),,Hyalomma savignyi,Hyalomma savignyi,Nuttalliella
,Animalia,Ixodidae,Species,"Olenev, 1931",,Hyalomma schulzei,Hyalomma schulzei,Nuttalliella
,Animalia,Ixodidae,Species,"Schulze, 1919",,Hyalomma scupense,Hyalomma scupense,Nuttalliella
,Animalia,Ixodidae,Species,"Tonelli-Rondelli, 1935",,Hyalomma somalicum,Hyalomma somalicum,Nuttalliella
,Animalia,Ixodidae,Subspecies,Schulze,,Hyalomma steineri codii,Hyalomma steineri codii,Nuttalliella
,Animalia,Ixodidae,Species,Schulze,,Hyalomma transiens,Hyalomma transiens,Nuttalliella
,Animalia,Ixodidae,Species,"Koch, 1844",,Hyalomma truncatum,Hyalomma truncatum,Nuttalliella
,Animalia,Ixodidae,Species,"Pomerantzev, 1946",,Hyalomma turanicum,Hyalomma turanicum,Nuttalliella
,Animalia,Ixodidae,Species,Lahille 1916,,Ixodes abrocomae,Ixodes abrocomae,Nuttalliella
,Animalia,Ixodidae,Species,Neumann,,Ixodes acumitus,Ixodes acumitus,Nuttalliella
,Animalia,Ixodidae,Species,(Karsch),,Ixodes acutitarsus,Ixodes acutitarsus,Nuttalliella
,Animalia,Ixodidae,Species,Banks,,Ixodes aequalis,Ixodes aequalis,Nuttalliella
,Animalia,Ixodidae,Species,Neumann,,Ixodes affinis,Ixodes affinis,Nuttalliella
,Animalia,Ixodidae,Species,"Uilenberg & Hoogstraal, 1968",,Ixodes albigci,Ixodes albigci,Nuttalliella
,Animalia,Ixodidae,Species,Neumann,,Ixodes alluaudi,Ixodes alluaudi,Nuttalliella
,Animalia,Ixodidae,Species,"Kohls, 1966",,Ixodes amersoni,Ixodes amersoni,Nuttalliella
,Animalia,Ixodidae,Species,Chilton,,Ixodes atis,Ixodes atis,Nuttalliella
,Animalia,Ixodidae,Species,Kohls,,Ixodes andinus,Ixodes andinus,Nuttalliella
,Animalia,Ixodidae,Species,Neumann,,Ixodes angustus,Ixodes angustus,Nuttalliella
,Animalia,Ixodidae,Subspecies,Bishopp,,Ixodes angustus woodi,Ixodes angustus woodi,Nuttalliella
,Animalia,Ixodidae,Species,Roberts,,Ixodes antechini,Ixodes antechini,Nuttalliella
,Animalia,Ixodidae,Species,Schulze,,Ixodes apronophorus,Ixodes apronophorus,Nuttalliella
,Animalia,Ixodidae,Species,Arthur,,Ixodes arabukiensis,Ixodes arabukiensis,Nuttalliella
,Animalia,Ixodidae,Species,"Fonseca, 1935",,Ixodes aragaoi,Ixodes aragaoi,Nuttalliella
,Animalia,Ixodidae,Subspecies,Schulze & Schlottke,,Ixodes arboricola arboricola,Ixodes arboricola arboricola,Nuttalliella
,Animalia,Ixodidae,Species,Schulze & Schlottke,,Ixodes arboricola,Ixodes arboricola,Nuttalliella
,Animalia,Ixodidae,Species,Warburton,,Ixodes arvicolae,Ixodes arvicolae,Nuttalliella
,Animalia,Ixodidae,Species,"Kitaoka, 1973",,Ixodes asanumai,Ixodes asanumai,Nuttalliella
,Animalia,Ixodidae,Species,"Kohls, 1955",,Ixodes audyi,Ixodes audyi,Nuttalliella
,Animalia,Ixodidae,Species,Arthur,,Ixodes aulacodi,Ixodes aulacodi,Nuttalliella
,Animalia,Ixodidae,Species,Arthur,,Ixodes auriculaelongae,Ixodes auriculaelongae,Nuttalliella
,Animalia,Ixodidae,Subspecies,Dumbleton,,Ixodes auritulus zealandicus,Ixodes auritulus zealandicus,Nuttalliella
,Animalia,Ixodidae,Species,Neumann,,Ixodes auritulus,Ixodes auritulus,Nuttalliella
,Animalia,Ixodidae,Species,Neumann,,Ixodes australiensis,Ixodes australiensis,Nuttalliella
,Animalia,Ixodidae,Species,"Cooley & Kohls, 1942",,Ixodes baergi,Ixodes baergi,Nuttalliella
,Animalia,Ixodidae,Species,Arthur & Clifford,,Ixodes bakeri,Ixodes bakeri,Nuttalliella
,Animalia,Ixodidae,Species,"Bishopp, 1911",,Ixodes banksi,Ixodes banksi,Nuttalliella
,Animalia,Ixodidae,Species,Arthur,,Ixodes bedfordi,Ixodes bedfordi,Nuttalliella
,Animalia,Ixodidae,Species,Cooley & Kohls,,Ixodes bequaerti,Ixodes bequaerti,Nuttalliella
,Animalia,Ixodidae,Species,Birula,,Ixodes berlesei,Ixodes berlesei,Nuttalliella
,Animalia,Ixodidae,Species,"Smith & Gouck, 1947",,Ixodes bishoppi,Ixodes bishoppi,Nuttalliella
,Animalia,Ixodidae,Species,Neumann,,Ixodes boliviensis,Ixodes boliviensis,Nuttalliella
,Animalia,Ixodidae,Species,"Keirans, Clifford & Walker, 1982",,Ixodes brewsterae,Ixodes brewsterae,Nuttalliella
,Animalia,Ixodidae,Species,Arthur,,Ixodes browningi,Ixodes browningi,Nuttalliella
,Animalia,Ixodidae,Species,Morel,,Ixodes brumpti,Ixodes brumpti,Nuttalliella
,Animalia,Ixodidae,Species,"Koch, 1844",,Ixodes brunneus,Ixodes brunneus,Nuttalliella
,Animalia,Ixodidae,Species,Nuttall,,Ixodes caledonicus,Ixodes caledonicus,Nuttalliella
,Animalia,Ixodidae,Species,Johnston,,Ixodes canisuga,Ixodes canisuga,Nuttalliella
,Animalia,Ixodidae,Species,"Keirans, Clifford & Walker, 1982",,Ixodes catherinei,Ixodes catherinei,Nuttalliella
,Animalia,Ixodidae,Species,Nuttall & Warburton,,Ixodes cavipalpus,Ixodes cavipalpus,Nuttalliella
,Animalia,Ixodidae,Species,"Kohls, 1950",,Ixodes ceylonensis,Ixodes ceylonensis,Nuttalliella
,Animalia,Ixodidae,Species,"Kohls, 1957",,Ixodes chilensis,Ixodes chilensis,Nuttalliella
,Animalia,Ixodidae,Species,"Arthur, 1957",,Ixodes colasbelcouri,Ixodes colasbelcouri,Nuttalliella
,Animalia,Ixodidae,Species,Schulze,,Ixodes collocaliae,Ixodes collocaliae,Nuttalliella
,Animalia,Ixodidae,Species,Cooley & Kohls,,Ixodes conepati,Ixodes conepati,Nuttalliella
,Animalia,Ixodidae,Species,Roberts,,Ixodes confusus,Ixodes confusus,Nuttalliella
,Animalia,Ixodidae,Subspecies,Bishopp,,Ixodes cookei rugosus,Ixodes cookei rugosus,Nuttalliella
,Animalia,Ixodidae,Subspecies,,,Ixodes cookei texanus,Ixodes cookei texanus,Nuttalliella
,Animalia,Ixodidae,Species,Packard,,Ixodes cookei,Ixodes cookei,Nuttalliella
,Animalia,Ixodidae,Species,"Aragão & Fonseca, 1951",,Ixodes coolei,Ixodes coolei,Nuttalliella
,Animalia,Ixodidae,Species,"Wilson, 1980",,Ixodes copei,Ixodes copei,Nuttalliella
,Animalia,Ixodidae,Subspecies,"Schulze, 1935",,Ixodes cordifer bibax,Ixodes cordifer bibax,Nuttalliella
,Animalia,Ixodidae,Species,Neumann,,Ixodes cordifer,Ixodes cordifer,Nuttalliella
,Animalia,Ixodidae,Species,Roberts,,Ixodes cornuatus,Ixodes cornuatus,Nuttalliella
,Animalia,Ixodidae,Species,"Keirans, Clifford & Walker, 1982",,Ixodes corwini,Ixodes corwini,Nuttalliella
,Animalia,Ixodidae,Species,Koch,,Ixodes crenulatus,Ixodes crenulatus,Nuttalliella
,Animalia,Ixodidae,Species,,,Ixodes cruciarius,Ixodes cruciarius,Nuttalliella
,Animalia,Ixodidae,Species,"Kohls & Clifford, 1966",,Ixodes cuervacensis,Ixodes cuervacensis,Nuttalliella
,Animalia,Ixodidae,Species,Schulze,,Ixodes cumulatimpunctatus,Ixodes cumulatimpunctatus,Nuttalliella
,Animalia,Ixodidae,Species,"Spielman, Clifford, Keirans & Piesma",,Ixodes dammani,Ixodes dammani,Nuttalliella
,Animalia,Ixodidae,Species,"Cooley, 1943",,Ixodes dampfi,Ixodes dampfi,Nuttalliella
,Animalia,Ixodidae,Species,"Nuttall, 1913",,Ixodes daveyi,Ixodes daveyi,Nuttalliella
,Animalia,Ixodidae,Species,Wilson,,Ixodes dendrolagi,Ixodes dendrolagi,Nuttalliella
,Animalia,Ixodidae,Species,"Marx, 1899",,Ixodes dentatus,Ixodes dentatus,Nuttalliella
,Animalia,Ixodidae,Species,"Keirans & Ajohda, 2003",,Ixodes dicei,Ixodes dicei,Nuttalliella
,Animalia,Ixodidae,Species,Neumann,,Ixodes diversifossus,Ixodes diversifossus,Nuttalliella
,Animalia,Ixodidae,Species,"Uilenberg & Hoogstraal, 1965",,Ixodes domerguei,Ixodes domerguei,Nuttalliella
,Animalia,Ixodidae,Species,"Kohls, 1957",,Ixodes downsi,Ixodes downsi,Nuttalliella
,Animalia,Ixodidae,Species,Kohls & Clifford,,Ixodes eadsi,Ixodes eadsi,Nuttalliella
,Animalia,Ixodidae,Species,Keirans & Clifford,,Ixodes eastoni,Ixodes eastoni,Nuttalliella
,Animalia,Ixodidae,Species,Nuttall,,Ixodes eichhorni,Ixodes eichhorni,Nuttalliella
,Animalia,Ixodidae,Species,Djaparidze,,Ixodes eldaricus,Ixodes eldaricus,Nuttalliella
,Animalia,Ixodidae,Species,Bedford,,Ixodes elongatus,Ixodes elongatus,Nuttalliella
,Animalia,Ixodidae,Species,Pomerantzev,,Ixodes emberizae,Ixodes emberizae,Nuttalliella
,Animalia,Ixodidae,Species,,,Ixodes endopalpiger,Ixodes endopalpiger,Nuttalliella
,Animalia,Ixodidae,Species,Maskell,,Ixodes eudyptidis,Ixodes eudyptidis,Nuttalliella
,Animalia,Ixodidae,Species,Arthur,,Ixodes euplecti,Ixodes euplecti,Nuttalliella
,Animalia,Ixodidae,Species,Warburton & Nuttall,,Ixodes fecialis,Ixodes fecialis,Nuttalliella
,Animalia,Ixodidae,Species,Tonelli-Rondelli,,Ixodes festai,Ixodes festai,Nuttalliella
,Animalia,Ixodidae,Species,"Panzer, 1798",,Ixodes frontalis,Ixodes frontalis,Nuttalliella
,Animalia,Ixodidae,Species,Koch,,Ixodes fuscipes,Ixodes fuscipes,Nuttalliella
,Animalia,Ixodidae,Species,"Apaskevich, Horak, Matthee & Matthee, 2010",,Ixodes fynbosensis,Ixodes fynbosensis,Nuttalliella
,Animalia,Ixodidae,Species,"Clifford & Hoogstraal, 1980",,Ixodes galapagoensis,Ixodes galapagoensis,Nuttalliella
,Animalia,Ixodidae,Species,Nuttall,,Ixodes gibbosus,Ixodes gibbosus,Nuttalliella
,Animalia,Ixodidae,Species,Supino,,Ixodes granulatus,Ixodes granulatus,Nuttalliella
,Animalia,Ixodidae,Species,"Lindquist, Wu & Redner, 1999",,Ixodes gregsoni,Ixodes gregsoni,Nuttalliella
,Animalia,Ixodidae,Species,"Kohls, 1956",,Ixodes guatemalensis,Ixodes guatemalensis,Nuttalliella
,Animalia,Ixodidae,Species,Leach,,Ixodes heagonus,Ixodes heagonus,Nuttalliella
,Animalia,Ixodidae,Species,Gregson,,Ixodes hearlei,Ixodes hearlei,Nuttalliella
,Animalia,Ixodidae,Species,Arthur,,Ixodes heinrichi,Ixodes heinrichi,Nuttalliella
,Animalia,Ixodidae,Species,Leach,,Ixodes hexagonus,Ixodes hexagonus,Nuttalliella
,Animalia,Ixodidae,Species,Dhanda & Kulkarni,,Ixodes himalayensis,Ixodes himalayensis,Nuttalliella
,Animalia,Ixodidae,Species,Hassall,,Ixodes hirsti,Ixodes hirsti,Nuttalliella
,Animalia,Ixodidae,Species,"Cooley, 1946",,Ixodes holdenriedi,Ixodes holdenriedi,Nuttalliella
,Animalia,Ixodidae,Species,Neumann,,Ixodes holocyclus,Ixodes holocyclus,Nuttalliella
,Animalia,Ixodidae,Species,Arthur,,Ixodes hoogstraali,Ixodes hoogstraali,Nuttalliella
,Animalia,Ixodidae,Species,"Cooley & Kohls, 1938",,Ixodes howelli,Ixodes howelli,Nuttalliella
,Animalia,Ixodidae,Species,"Clifford, Hoogstraal & Kohls",,Ixodes hyatti,Ixodes hyatti,Nuttalliella
,Animalia,Ixodidae,Species,"Estrada-Pena, Nava & Petney, 2014",,Ixodes inopitus,Ixodes inopitus,Nuttalliella
,Animalia,Ixodidae,Species,"Hoogstraal, 1967",,Ixodes jacksoni,Ixodes jacksoni,Nuttalliella
,Animalia,Ixodidae,Species,"Cooley & Kohls, 1938",,Ixodes jellisoni,Ixodes jellisoni,Nuttalliella
,Animalia,Ixodidae,Species,"Kohls, Sonenshine & Clifford",,Ixodes jonesae,Ixodes jonesae,Nuttalliella
,Animalia,Ixodidae,Species,Arthur,,Ixodes kaiseri,Ixodes kaiseri,Nuttalliella
,Animalia,Ixodidae,Species,Pomerantzev,,Ixodes kashmiricus,Ixodes kashmiricus,Nuttalliella
,Animalia,Ixodidae,Species,Olenev & Sorokoumouv,,Ixodes kazakstani,Ixodes kazakstani,Nuttalliella
,Animalia,Ixodidae,Species,Andre & Colas-Belcour,,Ixodes kerguelenensis,Ixodes kerguelenensis,Nuttalliella
,Animalia,Ixodidae,Species,Bishopp,,Ixodes kingi,Ixodes kingi,Nuttalliella
,Animalia,Ixodidae,Species,"Arthur, 1955",,Ixodes kohlsi,Ixodes kohlsi,Nuttalliella
,Animalia,Ixodidae,Species,Oudemans,,Ixodes kopsteini,Ixodes kopsteini,Nuttalliella
,Animalia,Ixodidae,Species,Hoogstraal & Kohls,,Ixodes kuntzi,Ixodes kuntzi,Nuttalliella
,Animalia,Ixodidae,Species,Olenev,,Ixodes laguri,Ixodes laguri,Nuttalliella
,Animalia,Ixodidae,Subspecies,Olenev,,Ixodes laguri laguri,Ixodes laguri laguri,Nuttalliella
,Animalia,Ixodidae,Species,"Mendez, Arocha & Ortiz",,Ixodes lasallei,Ixodes lasallei,Nuttalliella
,Animalia,Ixodidae,Species,Schulze,,Ixodes latirostris,Ixodes latirostris,Nuttalliella
,Animalia,Ixodidae,Species,Arthur,,Ixodes latus,Ixodes latus,Nuttalliella
,Animalia,Ixodidae,Species,Wilson,,Ixodes laysanensis,Ixodes laysanensis,Nuttalliella
,Animalia,Ixodidae,Species,Arthur,,Ixodes lemuris,Ixodes lemuris,Nuttalliella
,Animalia,Ixodidae,Species,,,Ixodes lepidum,Ixodes lepidum,Nuttalliella
,Animalia,Ixodidae,Species,Arthur,,Ixodes lewisi,Ixodes lewisi,Nuttalliella
,Animalia,Ixodidae,Species,Koch,,Ixodes lividus,Ixodes lividus,Nuttalliella
,Animalia,Ixodidae,Species,Boero,,Ixodes longiscutatum,Ixodes longiscutatum,Nuttalliella
,Animalia,Ixodidae,Species,Neumann,,Ixodes loricatus,Ixodes loricatus,Nuttalliella
,Animalia,Ixodidae,Species,Senevet,,Ixodes luciae,Ixodes luciae,Nuttalliella
,Animalia,Ixodidae,Species,Neumann,,Ixodes lutus,Ixodes lutus,Nuttalliella
,Animalia,Ixodidae,Species,Schulze,,Ixodes luxuriosus,Ixodes luxuriosus,Nuttalliella
,Animalia,Ixodidae,Species,"Keirans, Clifford & Walker, 1982",,Ixodes macfarlanei,Ixodes macfarlanei,Nuttalliella
,Animalia,Ixodidae,Species,,,Ixodes maculatum,Ixodes maculatum,Nuttalliella
,Animalia,Ixodidae,Species,"Kohls, 1962",,Ixodes malayensis,Ixodes malayensis,Nuttalliella
,Animalia,Ixodidae,Species,Cooley & Kohls,,Ixodes marmotae,Ixodes marmotae,Nuttalliella
,Animalia,Ixodidae,Species,Banks,,Ixodes marxi,Ixodes marxi,Nuttalliella
,Animalia,Ixodidae,Species,"Spickett, Keirans, Norval & Clifford, 1981",,Ixodes matopi,Ixodes matopi,Nuttalliella
,Animalia,Ixodidae,Species,"Cooley & Kohls, 1942",,Ixodes mexicanus,Ixodes mexicanus,Nuttalliella
,Animalia,Ixodidae,Species,"Apanaskevich, Soarimalala & Goodman, 2013",,Ixodes microgalei,Ixodes microgalei,Nuttalliella
,Animalia,Ixodidae,Species,Kohls,,Ixodes mindanensis,Ixodes mindanensis,Nuttalliella
,Animalia,Ixodidae,Species,Neumann,,Ixodes minor,Ixodes minor,Nuttalliella
,Animalia,Ixodidae,Species,"Kohls, Clifford & Hoogstraal, 1970",,Ixodes mitchelli,Ixodes mitchelli,Nuttalliella
,Animalia,Ixodidae,Species,Saito,,Ixodes monospinosus,Ixodes monospinosus,Nuttalliella
,Animalia,Ixodidae,Species,"Cooley, 1944",,Ixodes montoyanus,Ixodes montoyanus,Nuttalliella
,Animalia,Ixodidae,Species,Arthur,,Ixodes moreli,Ixodes moreli,Nuttalliella
,Animalia,Ixodidae,Species,Arthur & Burrow,,Ixodes muniensis,Ixodes muniensis,Nuttalliella
,Animalia,Ixodidae,Subspecies,Schulze,,Ixodes muntiacus muntiacus,Ixodes muntiacus muntiacus,Nuttalliella
,Animalia,Ixodidae,Species,Bishopp & Smith,,Ixodes muris,Ixodes muris,Nuttalliella
,Animalia,Ixodidae,Species,"Cooley & Kohls, 1945",,Ixodes murreleti,Ixodes murreleti,Nuttalliella
,Animalia,Ixodidae,Species,"Clifford & Hoogstraal, 1970",,Ixodes myotomys,Ixodes myotomys,Nuttalliella
,Animalia,Ixodidae,Species,Nuttall,,Ixodes irobiensis,Ixodes irobiensis,Nuttalliella
,Animalia,Ixodidae,Species,Arthur,,Ixodes nchisiensis,Ixodes nchisiensis,Nuttalliella
,Animalia,Ixodidae,Species,Kohls,,Ixodes nectomys,Ixodes nectomys,Nuttalliella
,Animalia,Ixodidae,Species,Clifford & Walker,,Ixodes neitzi,Ixodes neitzi,Nuttalliella
,Animalia,Ixodidae,Species,"Cooley, 1944",,Ixodes neotomae,Ixodes neotomae,Nuttalliella
,Animalia,Ixodidae,Species,"Uilenberg & Hoogstraal, 1969",,Ixodes nesomys,Ixodes nesomys,Nuttalliella
,Animalia,Ixodidae,Species,"Ringuelet, 1947",,Ixodes neuquenensis,Ixodes neuquenensis,Nuttalliella
,Animalia,Ixodidae,Species,Kitaoka & Saito,,Ixodes nipponensis,Ixodes nipponensis,Nuttalliella
,Animalia,Ixodidae,Species,Neumann,,Ixodes nitens,Ixodes nitens,Nuttalliella
,Animalia,Ixodidae,Species,Lahille,,Ixodes nuttalli,Ixodes nuttalli,Nuttalliella
,Animalia,Ixodidae,Species,Schulze,,Ixodes nuttallianus,Ixodes nuttallianus,Nuttalliella
,Animalia,Ixodidae,Species,Pomerantzev,,Ixodes occultus,Ixodes occultus,Nuttalliella
,Animalia,Ixodidae,Species,Gregson,,Ixodes ochotoe,Ixodes ochotoe,Nuttalliella
,Animalia,Ixodidae,Species,Arthur & Burrow,,Ixodes okapiae,Ixodes okapiae,Nuttalliella
,Animalia,Ixodidae,Species,Nuttall,,Ixodes oldi,Ixodes oldi,Nuttalliella
,Animalia,Ixodidae,Species,Lucas,,Ixodes ornithorhynchi,Ixodes ornithorhynchi,Nuttalliella
,Animalia,Ixodidae,Species,Neumann,,Ixodes ovatus,Ixodes ovatus,Nuttalliella
,Animalia,Ixodidae,Species,"Cooley, 1944",,Ixodes ozarkus,Ixodes ozarkus,Nuttalliella
,Animalia,Ixodidae,Species,Cooley & Kohls,,Ixodes pacificus,Ixodes pacificus,Nuttalliella
,Animalia,Ixodidae,Species,Kohls & Clifford,,Ixodes paradoxus,Ixodes paradoxus,Nuttalliella
,Animalia,Ixodidae,Species,"Barrow-Battesi, Arzua, Pichorin, & Keirans, 2003",,Ixodes paranaensis,Ixodes paranaensis,Nuttalliella
,Animalia,Ixodidae,Species,Keirans & Clifford,,Ixodes pararicinus,Ixodes pararicinus,Nuttalliella
,Animalia,Ixodidae,Species,Schulze,,Ixodes passericola,Ixodes passericola,Nuttalliella
,Animalia,Ixodidae,Species,Neumann,,Ixodes paulopunctatum,Ixodes paulopunctatum,Nuttalliella
,Animalia,Ixodidae,Species,Pomerantzev,,Ixodes pavlovskyi,Ixodes pavlovskyi,Nuttalliella
,Animalia,Ixodidae,Species,Neumann,,Ixodes percavatus,Ixodes percavatus,Nuttalliella
,Animalia,Ixodidae,Species,Augustson,,Ixodes peromysci,Ixodes peromysci,Nuttalliella
,Animalia,Ixodidae,Species,Schulze,,Ixodes persulcatus,Ixodes persulcatus,Nuttalliella
,Animalia,Ixodidae,Species,Warburton,,Ixodes petauristae,Ixodes petauristae,Nuttalliella
,Animalia,Ixodidae,Species,"Keirans & Kohls, 1970",,Ixodes philipi,Ixodes philipi,Nuttalliella
,Animalia,Ixodidae,Species,,,Ixodes pholeoixodes,Ixodes pholeoixodes,Nuttalliella
,Animalia,Ixodidae,Species,Koch,,Ixodes pilosus,Ixodes pilosus,Nuttalliella
,Animalia,Ixodidae,Species,"Serdyukova, 1941",,Ixodes pomerantzevi,Ixodes pomerantzevi,Nuttalliella
,Animalia,Ixodidae,Species,Kohls,,Ixodes pomerantzi,Ixodes pomerantzi,Nuttalliella
,Animalia,Ixodidae,Species,,,Ixodes pratti,Ixodes pratti,Nuttalliella
,Animalia,Ixodidae,Species,Schulze,,Ixodes priscicollaris,Ixodes priscicollaris,Nuttalliella
,Animalia,Ixodidae,Species,Arthur & Burrow,,Ixodes procaviae,Ixodes procaviae,Nuttalliella
,Animalia,Ixodidae,Species,,,Ixodes quinquestriatus,Ixodes quinquestriatus,Nuttalliella
,Animalia,Ixodidae,Species,"Kohls, 1948",,Ixodes radfordi,Ixodes radfordi,Nuttalliella
,Animalia,Ixodidae,Species,Arthur,,Ixodes rageaui,Ixodes rageaui,Nuttalliella
,Animalia,Ixodidae,Species,"Uilenberg & Hoogstraal, 1969",,Ixodes randriasoloi,Ixodes randriasoloi,Nuttalliella
,Animalia,Ixodidae,Subspecies,Neumann,,Ixodes rasus rasus,Ixodes rasus rasus,Nuttalliella
,Animalia,Ixodidae,Species,Neumann,,Ixodes rasus,Ixodes rasus,Nuttalliella
,Animalia,Ixodidae,Species,Olenev,,Ixodes redikorzevi,Ixodes redikorzevi,Nuttalliella
,Animalia,Ixodidae,Species,Arthur,,Ixodes rhabdomysae,Ixodes rhabdomysae,Nuttalliella
,Animalia,Ixodidae,Species,(Lineus),,Ixodes ricinus,Ixodes ricinus,Nuttalliella
,Animalia,Ixodidae,Subspecies,Nuttall,,Ixodes ricinus gibbosus,Ixodes ricinus gibbosus,Nuttalliella
,Animalia,Ixodidae,Subspecies,,,Ixodes ricinus pacificus,Ixodes ricinus pacificus,Nuttalliella
,Animalia,Ixodidae,Species,,,Ixodes robertsonii,Ixodes robertsonii,Nuttalliella
,Animalia,Ixodidae,Species,Nuttall & Warburton,,Ixodes rothschildi,Ixodes rothschildi,Nuttalliella
,Animalia,Ixodidae,Species,Arthur,,Ixodes rotundatus,Ixodes rotundatus,Nuttalliella
,Animalia,Ixodidae,Species,Neumann,,Ixodes rubicundus,Ixodes rubicundus,Nuttalliella
,Animalia,Ixodidae,Species,Neumann,,Ixodes rubidus,Ixodes rubidus,Nuttalliella
,Animalia,Ixodidae,Species,Schulze & Schlottke,,Ixodes rugicollis,Ixodes rugicollis,Nuttalliella
,Animalia,Ixodidae,Species,Bishopp,,Ixodes rugosus,Ixodes rugosus,Nuttalliella
,Animalia,Ixodidae,Species,Say,,Ixodes scapularis,Ixodes scapularis,Nuttalliella
,Animalia,Ixodidae,Species,Neumann,,Ixodes schillingsi,Ixodes schillingsi,Nuttalliella
,Animalia,Ixodidae,Species,Aragão & Fonseca,,Ixodes schulzei,Ixodes schulzei,Nuttalliella
,Animalia,Ixodidae,Subspecies,Neumann,,Ixodes sculptus neumann,Ixodes sculptus neumann,Nuttalliella
,Animalia,Ixodidae,Species,Neumann,,Ixodes sculptus,Ixodes sculptus,Nuttalliella
,Animalia,Ixodidae,Species,"Clifford, Hoogstraal & Kohls",,Ixodes shahi,Ixodes shahi,Nuttalliella
,Animalia,Ixodidae,Species,"Keirans, Clifford & Corwin",,Ixodes sigelos,Ixodes sigelos,Nuttalliella
,Animalia,Ixodidae,Species,Birula,,Ixodes sigtus,Ixodes sigtus,Nuttalliella
,Animalia,Ixodidae,Subspecies,Arthur,,Ixodes simplex africanus,Ixodes simplex africanus,Nuttalliella
,Animalia,Ixodidae,Subspecies,Neumann,,Ixodes simplex simplex,Ixodes simplex simplex,Nuttalliella
,Animalia,Ixodidae,Species,Neumann,,Ixodes simplex,Ixodes simplex,Nuttalliella
,Animalia,Ixodidae,Species,Kohls & Clifford,,Ixodes siloa,Ixodes siloa,Nuttalliella
,Animalia,Ixodidae,Species,"Teng, 1977",,Ixodes sinensis,Ixodes sinensis,Nuttalliella
,Animalia,Ixodidae,Species,Gregson,,Ixodes soricis,Ixodes soricis,Nuttalliella
,Animalia,Ixodidae,Species,Arthur,,Ixodes spie,Ixodes spie,Nuttalliella
,Animalia,Ixodidae,Species,Neumann,,Ixodes spinicoxalis,Ixodes spinicoxalis,Nuttalliella
,Animalia,Ixodidae,Species,Hadwen & Nuttall,,Ixodes spinipalpis,Ixodes spinipalpis,Nuttalliella
,Animalia,Ixodidae,Species,Schulze,,Ixodes steini,Ixodes steini,Nuttalliella
,Animalia,Ixodidae,Species,Neumann,,Ixodes stilesi,Ixodes stilesi,Nuttalliella
,Animalia,Ixodidae,Species,Filippova,,Ixodes stromi,Ixodes stromi,Nuttalliella
,Animalia,Ixodidae,Species,Filippova,,Ixodes subterranus,Ixodes subterranus,Nuttalliella
,Animalia,Ixodidae,Species,"Kohls, 1969",,Ixodes taglei,Ixodes taglei,Nuttalliella
,Animalia,Ixodidae,Species,"Kohls & Clifford, 1966",,Ixodes tamaulipas,Ixodes tamaulipas,Nuttalliella
,Animalia,Ixodidae,Species,"Cooley & Kohls, 1942",,Ixodes tancitarius,Ixodes tancitarius,Nuttalliella
,Animalia,Ixodidae,Species,Saito,,Ixodes tanuki,Ixodes tanuki,Nuttalliella
,Animalia,Ixodidae,Species,Kohls,,Ixodes tapirus,Ixodes tapirus,Nuttalliella
,Animalia,Ixodidae,Species,Neumann,,Ixodes tasmani,Ixodes tasmani,Nuttalliella
,Animalia,Ixodidae,Species,Banks,,Ixodes texanus,Ixodes texanus,Nuttalliella
,Animalia,Ixodidae,Species,Arthur,,Ixodes theilerae,Ixodes theilerae,Nuttalliella
,Animalia,Ixodidae,Species,"Arthur & Burrow, 1957",,Ixodes thomasae,Ixodes thomasae,Nuttalliella
,Animalia,Ixodidae,Species,Kohls & Clifford,,Ixodes tiptoni,Ixodes tiptoni,Nuttalliella
,Animalia,Ixodidae,Species,"Cooley, 1945",,Ixodes tovari,Ixodes tovari,Nuttalliella
,Animalia,Ixodidae,Species,Schulze,,Ixodes transcaucasicus,Ixodes transcaucasicus,Nuttalliella
,Animalia,Ixodidae,Species,Clifford & Hoogstraal,,Ixodes transvaalensis,Ixodes transvaalensis,Nuttalliella
,Animalia,Ixodidae,Species,Birula,,Ixodes trianguliceps,Ixodes trianguliceps,Nuttalliella
,Animalia,Ixodidae,Species,Roberts,,Ixodes trichosuri,Ixodes trichosuri,Nuttalliella
,Animalia,Ixodidae,Species,Kohls,,Ixodes tropicalis,Ixodes tropicalis,Nuttalliella
,Animalia,Ixodidae,Species,Katsuji,,Ixodes turdus,Ixodes turdus,Nuttalliella
,Animalia,Ixodidae,Species,Neumann,,Ixodes ugandanus,Ixodes ugandanus,Nuttalliella
,Animalia,Ixodidae,Species,Neumann,,Ixodes unicavatus,Ixodes unicavatus,Nuttalliella
,Animalia,Ixodidae,Species,White,,Ixodes uriae,Ixodes uriae,Nuttalliella
,Animalia,Ixodidae,Species,Kohls & Clifford,,Ixodes uruguayensis,Ixodes uruguayensis,Nuttalliella
,Animalia,Ixodidae,Species,Schulze,,Ixodes vanidicus,Ixodes vanidicus,Nuttalliella
,Animalia,Ixodidae,Species,"Kohls, 1953",,Ixodes venezuelensis,Ixodes venezuelensis,Nuttalliella
,Animalia,Ixodidae,Species,Gil & Collado,,Ixodes ventalloi,Ixodes ventalloi,Nuttalliella
,Animalia,Ixodidae,Species,Koch,,Ixodes vespertilionis,Ixodes vespertilionis,Nuttalliella
,Animalia,Ixodidae,Species,Neumann,,Ixodes vestitus,Ixodes vestitus,Nuttalliella
,Animalia,Ixodidae,Species,Nuttall,,Ixodes victoriensis,Ixodes victoriensis,Nuttalliella
,Animalia,Ixodidae,Species,"Clifford, Kohls & Hoogstraal, 1968",,Ixodes walkerae,Ixodes walkerae,Nuttalliella
,Animalia,Ixodidae,Species,Kohls,,Ixodes werneri,Ixodes werneri,Nuttalliella
,Animalia,Ixodidae,Species,Bishopp,,Ixodes woodi,Ixodes woodi,Nuttalliella
,Animalia,Ixodidae,Species,Kohls,,Ixodes zaglossi,Ixodes zaglossi,Nuttalliella
,Animalia,Ixodidae,Species,(Say),,Boophilus annulatus,Boophilus annulatus,Nuttalliella
,Animalia,Ixodidae,Subspecies,Minning,,Boophilus calcaratus hispanicus,Boophilus calcaratus hispanicus,Nuttalliella
,Animalia,Ixodidae,Species,Birula,,Boophilus calcaratus,Boophilus calcaratus,Nuttalliella
,Animalia,Ixodidae,Species,(Koch),,Boophilus decoloratus,Boophilus decoloratus,Nuttalliella
,Animalia,Ixodidae,Species,,,Boophilus florae,Boophilus florae,Nuttalliella
,Animalia,Ixodidae,Species,Aeschlimann & Morel,,Boophilus geigyi,Boophilus geigyi,Nuttalliella
,Animalia,Ixodidae,Species,"Minning, 1936",,Boophilus intraoculatus,Boophilus intraoculatus,Nuttalliella
,Animalia,Ixodidae,Species,Hoogstraal & Kaiser,,Boophilus kohlsi,Boophilus kohlsi,Nuttalliella
,Animalia,Ixodidae,Species,Minning,,Boophilus longiscutatus,Boophilus longiscutatus,Nuttalliella
,Animalia,Ixodidae,Species,(Canestrini),,Boophilus microplus,Boophilus microplus,Nuttalliella
,Animalia,Ixodidae,Species,"Minning, 1936",,Boophilus occidentalis,Boophilus occidentalis,Nuttalliella
,Animalia,Ixodidae,Species,Minning,,Boophilus schulzei,Boophilus schulzei,Nuttalliella
,Animalia,Ixodidae,Species,Neumann,,Rhipicephalus appendiculatus,Rhipicephalus appendiculatus,Nuttalliella
,Animalia,Ixodidae,Species,Pocock,,Rhipicephalus armatus,Rhipicephalus armatus,Nuttalliella
,Animalia,Ixodidae,Species,Theiler & Zumpt,,Rhipicephalus arnoldi,Rhipicephalus arnoldi,Nuttalliella
,Animalia,Ixodidae,Species,Zumpt,,Rhipicephalus bequaerti,Rhipicephalus bequaerti,Nuttalliella
,Animalia,Ixodidae,Species,Morel & Balis,,Rhipicephalus bergeoni,Rhipicephalus bergeoni,Nuttalliella
,Animalia,Ixodidae,Species,,,Rhipicephalus bocornis,Rhipicephalus bocornis,Nuttalliella
,Animalia,Ixodidae,Species,Canestrini & Fanzago,,Rhipicephalus bursa,Rhipicephalus bursa,Nuttalliella
,Animalia,Ixodidae,Species,Neumann,,Rhipicephalus camelopardalis,Rhipicephalus camelopardalis,Nuttalliella
,Animalia,Ixodidae,Species,"Morel, Mouchet & Rodhain",,Rhipicephalus camicasi,Rhipicephalus camicasi,Nuttalliella
,Animalia,Ixodidae,Subspecies,,,Rhipicephalus camicasi camicasi,Rhipicephalus camicasi camicasi,Nuttalliella
,Animalia,Ixodidae,Subspecies,Koch,,Rhipicephalus capensis capensis,Rhipicephalus capensis capensis,Nuttalliella
,Animalia,Ixodidae,Species,Koch,,Rhipicephalus capensis,Rhipicephalus capensis,Nuttalliella
,Animalia,Ixodidae,Species,Walker,,Rhipicephalus carnivoralis,Rhipicephalus carnivoralis,Nuttalliella
,Animalia,Ixodidae,Species,Morel,,Rhipicephalus cliffordi,Rhipicephalus cliffordi,Nuttalliella
,Animalia,Ixodidae,Species,Neumann,,Rhipicephalus complatus,Rhipicephalus complatus,Nuttalliella
,Animalia,Ixodidae,Species,Neumann,,Rhipicephalus compositus,Rhipicephalus compositus,Nuttalliella
,Animalia,Ixodidae,Species,"Apanaskevich, Horak & Mulumba-Mfumu, 2013",,Rhipicephalus congolensis,Rhipicephalus congolensis,Nuttalliella
,Animalia,Ixodidae,Species,Neumann,,Rhipicephalus cuspidatus,Rhipicephalus cuspidatus,Nuttalliella
,Animalia,Ixodidae,Species,,,Rhipicephalus decoloratus,Rhipicephalus decoloratus,Nuttalliella
,Animalia,Ixodidae,Species,Neumann,,Rhipicephalus deltoideus,Rhipicephalus deltoideus,Nuttalliella
,Animalia,Ixodidae,Species,Bedford,,Rhipicephalus distinctus,Rhipicephalus distinctus,Nuttalliella
,Animalia,Ixodidae,Species,Koch,,Rhipicephalus dromedarii,Rhipicephalus dromedarii,Nuttalliella
,Animalia,Ixodidae,Species,Neumann,,Rhipicephalus duttoni,Rhipicephalus duttoni,Nuttalliella
,Animalia,Ixodidae,Subspecies,Neumann,,Rhipicephalus evertsi evertsi,Rhipicephalus evertsi evertsi,Nuttalliella
,Animalia,Ixodidae,Subspecies,Doenitz,,Rhipicephalus evertsi mimeticus,Rhipicephalus evertsi mimeticus,Nuttalliella
,Animalia,Ixodidae,Species,Neumann,,Rhipicephalus evertsi,Rhipicephalus evertsi,Nuttalliella
,Animalia,Ixodidae,Species,"Keirans and Walker, 1993",,Rhipicephalus exophthalmos,Rhipicephalus exophthalmos,Nuttalliella
,Animalia,Ixodidae,Species,Neumann,,Rhipicephalus falcatus,Rhipicephalus falcatus,Nuttalliella
,Animalia,Ixodidae,Species,Donitz,,Rhipicephalus follis,Rhipicephalus follis,Nuttalliella
,Animalia,Ixodidae,Species,Neumann,,Rhipicephalus fulvus,Rhipicephalus fulvus,Nuttalliella
,Animalia,Ixodidae,Species,Feldman-Muhsam,,Rhipicephalus gertrudae,Rhipicephalus gertrudae,Nuttalliella
,Animalia,Ixodidae,Species,Du & Toit,,Rhipicephalus glabroscutatum,Rhipicephalus glabroscutatum,Nuttalliella
,Animalia,Ixodidae,Species,Morel & Vassiliades,,Rhipicephalus guilhoni,Rhipicephalus guilhoni,Nuttalliella
,Animalia,Ixodidae,Subspecies,Supino,,Rhipicephalus haemaphysaloides haemaphysaloides,Rhipicephalus haemaphysaloides haemaphysaloides,Nuttalliella
,Animalia,Ixodidae,Subspecies,Schulze,,Rhipicephalus haemaphysaloides pilans,Rhipicephalus haemaphysaloides pilans,Nuttalliella
,Animalia,Ixodidae,Species,Supino,,Rhipicephalus haemaphysaloides,Rhipicephalus haemaphysaloides,Nuttalliella
,Animalia,Ixodidae,Species,Tonelli-Rondelli,,Rhipicephalus humeralis,Rhipicephalus humeralis,Nuttalliella
,Animalia,Ixodidae,Species,Wilson,,Rhipicephalus hurti,Rhipicephalus hurti,Nuttalliella
,Animalia,Ixodidae,Species,"Walker, Pegram & Keirans, 1995",,Rhipicephalus interventus,Rhipicephalus interventus,Nuttalliella
,Animalia,Ixodidae,Species,Neumann,,Rhipicephalus jeanneli,Rhipicephalus jeanneli,Nuttalliella
,Animalia,Ixodidae,Species,Donitz,,Rhipicephalus kochi,Rhipicephalus kochi,Nuttalliella
,Animalia,Ixodidae,Species,Pomerantzev,,Rhipicephalus leporis,Rhipicephalus leporis,Nuttalliella
,Animalia,Ixodidae,Species,Warburton,,Rhipicephalus longiceps,Rhipicephalus longiceps,Nuttalliella
,Animalia,Ixodidae,Species,Neumann,,Rhipicephalus longicoxatus,Rhipicephalus longicoxatus,Nuttalliella
,Animalia,Ixodidae,Species,Neumann,,Rhipicephalus longus,Rhipicephalus longus,Nuttalliella
,Animalia,Ixodidae,Species,Neumann,,Rhipicephalus lunulatus,Rhipicephalus lunulatus,Nuttalliella
,Animalia,Ixodidae,Species,Neumann,,Rhipicephalus maculatus,Rhipicephalus maculatus,Nuttalliella
,Animalia,Ixodidae,Species,Nuttall & Warburton,,Rhipicephalus masseyi,Rhipicephalus masseyi,Nuttalliella
,Animalia,Ixodidae,Species,"(Canestrini, 1888)",,Rhipicephalus microplus,Rhipicephalus microplus,Nuttalliella
,Animalia,Ixodidae,Species,Zumpt,,Rhipicephalus muehlensi,Rhipicephalus muehlensi,Nuttalliella
,Animalia,Ixodidae,Species,"Morel & Vassiliades, 1965",,Rhipicephalus muhsamae,Rhipicephalus muhsamae,Nuttalliella
,Animalia,Ixodidae,Species,Warburton,,Rhipicephalus neavei,Rhipicephalus neavei,Nuttalliella
,Animalia,Ixodidae,Species,"Walker, 1990",,Rhipicephalus neumanni,Rhipicephalus neumanni,Nuttalliella
,Animalia,Ixodidae,Species,Neumann,,Rhipicephalus nitens,Rhipicephalus nitens,Nuttalliella
,Animalia,Ixodidae,Species,,,Rhipicephalus nuttali,Rhipicephalus nuttali,Nuttalliella
,Animalia,Ixodidae,Species,Neumann,,Rhipicephalus oculatus,Rhipicephalus oculatus,Nuttalliella
,Animalia,Ixodidae,Species,Schulze,,Rhipicephalus pilans,Rhipicephalus pilans,Nuttalliella
,Animalia,Ixodidae,Species,Neumann,,Rhipicephalus porcus,Rhipicephalus porcus,Nuttalliella
,Animalia,Ixodidae,Species,Neumann,,Rhipicephalus praetextatus,Rhipicephalus praetextatus,Nuttalliella
,Animalia,Ixodidae,Species,Donitz,,Rhipicephalus pravus,Rhipicephalus pravus,Nuttalliella
,Animalia,Ixodidae,Species,Bedford,,Rhipicephalus puctatus,Rhipicephalus puctatus,Nuttalliella
,Animalia,Ixodidae,Species,(Gerstaecker),,Rhipicephalus pulchellus,Rhipicephalus pulchellus,Nuttalliella
,Animalia,Ixodidae,Species,Schulze,,Rhipicephalus pumilio,Rhipicephalus pumilio,Nuttalliella
,Animalia,Ixodidae,Species,Warburton,,Rhipicephalus punctatus,Rhipicephalus punctatus,Nuttalliella
,Animalia,Ixodidae,Species,Gil & Collado,,Rhipicephalus pusillus,Rhipicephalus pusillus,Nuttalliella
,Animalia,Ixodidae,Species,Dhanda,,Rhipicephalus ramachandrai,Rhipicephalus ramachandrai,Nuttalliella
,Animalia,Ixodidae,Species,Zumpt,,Rhipicephalus reichenowi,Rhipicephalus reichenowi,Nuttalliella
,Animalia,Ixodidae,Species,Yakimov & Kol-Yakimova,,Rhipicephalus rossicus,Rhipicephalus rossicus,Nuttalliella
,Animalia,Ixodidae,Species,(Latreille),,Rhipicephalus sanguineus,Rhipicephalus sanguineus,Nuttalliella
,Animalia,Ixodidae,Subspecies,(Latreille),,Rhipicephalus sanguineus sanguineus,Rhipicephalus sanguineus sanguineus,Nuttalliella
,Animalia,Ixodidae,Species,Santos-Dias,,Rhipicephalus scalpturatus,Rhipicephalus scalpturatus,Nuttalliella
,Animalia,Ixodidae,Species,Olenev,,Rhipicephalus schulzei,Rhipicephalus schulzei,Nuttalliella
,Animalia,Ixodidae,Species,Warburton,,Rhipicephalus sculptus,Rhipicephalus sculptus,Nuttalliella
,Animalia,Ixodidae,Species,Feldman-Muhsam,,Rhipicephalus secundus,Rhipicephalus secundus,Nuttalliella
,Animalia,Ixodidae,Species,Koch,,Rhipicephalus senegalensis,Rhipicephalus senegalensis,Nuttalliella
,Animalia,Ixodidae,Species,"Santos Dias, 1950",,Rhipicephalus serranoi,Rhipicephalus serranoi,Nuttalliella
,Animalia,Ixodidae,Species,Nuttall,,Rhipicephalus simpsoni,Rhipicephalus simpsoni,Nuttalliella
,Animalia,Ixodidae,Species,Koch,,Rhipicephalus simus,Rhipicephalus simus,Nuttalliella
,Animalia,Ixodidae,Subspecies,Morel,,Rhipicephalus sulcatus sensu,Rhipicephalus sulcatus sensu,Nuttalliella
,Animalia,Ixodidae,Species,Neumann,,Rhipicephalus sulcatus,Rhipicephalus sulcatus,Nuttalliella
,Animalia,Ixodidae,Species,Neumann,,Rhipicephalus supertritus,Rhipicephalus supertritus,Nuttalliella
,Animalia,Ixodidae,Species,Banks,,Rhipicephalus texanus,Rhipicephalus texanus,Nuttalliella
,Animalia,Ixodidae,Species,Bedford & Hewitt,,Rhipicephalus theileri,Rhipicephalus theileri,Nuttalliella
,Animalia,Ixodidae,Species,Doenitz,,Rhipicephalus tricuspis,Rhipicephalus tricuspis,Nuttalliella
,Animalia,Ixodidae,Species,Pomerantzev,,Rhipicephalus turanicus,Rhipicephalus turanicus,Nuttalliella
,Animalia,Ixodidae,Species,"Horak, Apanaskevich & Kariuki, 2013",,Rhipicephalus walkerae,Rhipicephalus walkerae,Nuttalliella
,Animalia,Ixodidae,Species,"Walker & Horak, 2000",,Rhipicephalus warburtoni,Rhipicephalus warburtoni,Nuttalliella
,Animalia,Ixodidae,Species,"Walker, Norval & Corwin",,Rhipicephalus zambeziensis,Rhipicephalus zambeziensis,Nuttalliella
,Animalia,Ixodidae,Species,Neumann,,Rhipicephalus ziemanni,Rhipicephalus ziemanni,Nuttalliella
,Animalia,Ixodidae,Species,Santos & Dias,,Rhipicephalus zumpti,Rhipicephalus zumpti,Nuttalliella
,Animalia,Ixodidae,Species,"Hoogstraal, Kaiser & Mitchell",,Anomalohimalaya lama,Anomalohimalaya lama,Nuttalliella
,Animalia,Ixodidae,Species,(Denny),,Cosmiomma hippopotamensis,Cosmiomma hippopotamensis,Nuttalliella
,Animalia,Ixodidae,Species,"Hoogstraal, 1956",,Margaropus reidi,Margaropus reidi,Nuttalliella
,Animalia,Ixodidae,Species,Walker & Laurence,,Margaropus wileyi,Margaropus wileyi,Nuttalliella
,Animalia,Ixodidae,Species,Karsch,,Margaropus winthemi,Margaropus winthemi,Nuttalliella
,Animalia,Ixodidae,Species,Nuttall & Warburton,,Nosomma monstrosum,Nosomma monstrosum,Nuttalliella
,Animalia,Ixodidae,Species,Nuttall & Warburton,,Rhipicentor bicornis,Rhipicentor bicornis,Nuttalliella
,Animalia,Ixodidae,Species,(Neumann),,Rhipicentor gladiger,Rhipicentor gladiger,Nuttalliella
,Animalia,Ixodidae,Species,Cooper & Robinson,,Rhipicentor nuttalli,Rhipicentor nuttalli,Nuttalliella
,Animalia,Nuttalliellidae,Species,Bedford,,Nuttalliella maqua,Nuttalliella maqua,Nuttalliella
Derived,Animalia,,Kingdom,,,Animalia,Animalia,Organism
Derived,Animalia,,Phylum,,,Arthropoda,Arthropoda,Animalia
Derived,Animalia,,Class,,,Arachnida,Arachnida,Arthropoda
Derived,Animalia,,Subclass,,,Acari,Acari,Arachnida
Derived,Animalia,,Superorder,,,Parasitiformes,Parasitiformes,Acari
Derived,Animalia,,Order,,,Ixodida,Ixodida,Parasitiformes
Derived,Animalia,,Superfamily,,,Ixodoidea,Ixodoidea,Ixodida
Derived,Animalia,Argasidae,Family,,,Argasidae,Argasidae,Ixodoidea
Derived,Animalia,Argasidae,Genus,,,Argas,Argas,Argasidae
Derived,Animalia,Argasidae,Genus,,,Carios,Carios,Argasidae
Derived,Animalia,Argasidae,Genus,,,Ornithodoros,Ornithodoros,Argasidae
Derived,Animalia,Argasidae,Genus,,,Otobius,Otobius,Argasidae
Derived,Animalia,Argasidae,Family,,,Ornithodorinae,Ornithodorinae,Argasidae
Derived,Animalia,Argasidae,Genus,,,Nothoaspis,Nothoaspis,Argasidae
Derived,Animalia,Ixodidae,Family,,,Ixodidae,Ixodidae,Ixodoidea
Derived,Animalia,Ixodidae,Family,,,Amblyomminae,Amblyomminae,Ixodidae
Derived,Animalia,Ixodidae,Genus,,,Amblyomma,Amblyomma,Ixodidae
Derived,Animalia,Ixodidae,Genus,,,Anocentor,Anocentor,Ixodidae
Derived,Animalia,Ixodidae,Genus,,,Dermacentor,Dermacentor,Ixodidae
Derived,Animalia,Ixodidae,Family,,,HAEMAPHYSALIE,HAEMAPHYSALIE,Ixodidae
Derived,Animalia,Ixodidae,Genus,,,Haemaphysalis,Haemaphysalis,Ixodidae
Derived,Animalia,Ixodidae,Family,,,Hyalomminae,Hyalomminae,Ixodidae
Derived,Animalia,Ixodidae,Genus,,,Hyalomma,Hyalomma,Ixodidae
Derived,Animalia,Ixodidae,Genus,,,Ixodes,Ixodes,Ixodidae
Derived,Animalia,Ixodidae,Genus,,,Boophilus,Boophilus,Ixodidae
Derived,Animalia,Ixodidae,Genus,,,Rhipicephalus,Rhipicephalus,Ixodidae
Derived,Animalia,Ixodidae,Genus,,,Anomalohimalaya,Anomalohimalaya,Ixodidae
Derived,Animalia,Ixodidae,Genus,,,Cosmiomma,Cosmiomma,Ixodidae
Derived,Animalia,Ixodidae,Genus,,,Margaropus,Margaropus,Ixodidae
Derived,Animalia,Ixodidae,Genus,,,Nosomma,Nosomma,Ixodidae
Derived,Animalia,Ixodidae,Genus,,,Rhipicentor,Rhipicentor,Ixodidae
Derived,Animalia,Nuttalliellidae,Family,,,Nuttalliellidae,Nuttalliellidae,Ixodida
Derived,Animalia,Nuttalliellidae,Genus,,,Nuttalliella,Nuttalliella,Nuttalliellidae
